name,sku,base_price,sale_price,description,specifications,images,colors
Tai nghe Bluetooth True Wireless EarFun Air Pro 4,tai-nghe-bluetooth-earfun-air-pro-4,2.590.000đ,1.590.000đ,"Đặc điểm nổi bật
 Tai nghe Bluetooth Earfun Air Pro 4 được ưu ái trang bị driver 10mm cùng chip xử lý QCC3091 của Qualcomm để mang tới âm thanh có chất lượng vượt trội. Với thiết kế công thái học và chuẩn kháng nước IPX5, mẫu tai nghe không dây của Earfun còn phù hợp để sử dụng trong nhiều hoạt động thường ngày. Tổng thời lượng hoạt động của tai nghe lên tới 52 giờ, đảm bảo khả năng hoạt động bền bỉ, ổn định cho tai nghe.
Nội dung chính
1. Tai nghe Bluetooth Earfun Air Pro 4 - Tối ưu trải nghiệm nghe nhạc, đàm thoại
1.1. Trải nghiệm âm nhạc chuẩn phòng thu
1.2. Thiết kế kế tối ưu trải nghiệm đeo
1.3. Đàm thoại rõ ràng, kháng nước theo tiêu chuẩn IPX5
1.4. Hoạt động bền bỉ tới 52 giờ
1.5. Kết nối đa thiết bị, tuỳ chỉnh tai nghe qua ứng dụng
2. Mua tai nghe Bluetooth Earfun Air Pro 4 giá tốt tại CellphoneS
Tai nghe Bluetooth Earfun Air Pro 4 - Tối ưu trải nghiệm nghe nhạc, đàm thoại
Tai nghe Earfun Air Pro 4 với chất lượng âm thanh đạt chuẩn phòng thu sẽ có thể làm hài lòng cả những tín đồ yêu thích âm thanh khó tính. Bên cạnh đó, mẫu tai nghe Earfun này còn cho phép người dùng còn có thể cá nhân hóa chất âm theo sở thích thông qua ứng dụng EarFun Audio, tối ưu âm thanh theo từng nhu cầu nghe nhạc, chơi game, xem phim của mình.
Trải nghiệm âm nhạc chuẩn phòng thu
Tai nghe Bluetooth Earfun Air Pro 4 được trang bị trình điều khiển có kích thước 10mm để mang tới âm bass sâu, phù hợp để thể hiện mọi thể loại nhạc hiện nay. Mẫu tai nghe không dây của Earfun còn sở hữu một trong những con chip xử lý âm thanh tân tiến hiện nay là Qualcomm QCC3091. Kèm theo đó là công nghệ aptX nhằm cung cấp khả năng truyền tải không làm mất dữ liệu để đảm bảo chất lượng, độ chi tiết cho âm thanh đầu ra.
Mẫu tai nghe không dây này còn đạt bộ đôi chứng nhận âm thanh là Hi-Res và Snapdragon Sound cũng như hỗ trợ codec LDAC. Nhờ vậy mà âm thanh còn được truyền tải ở tốc độ cao để mang tới trải nghiệm nghe đạt chuẩn phòng thu. Với công nghệ chống ồn Quiet Smart 3.0, tai nghe Earfun Air Pro 4 còn có thể loại bỏ các tạp âm, tiếng ồn lên tới 50dB để trải nghiệm nghe nhạc của người dùng không bị ảnh hưởng bởi môi trường xung quanh.
Thiết kế kế tối ưu trải nghiệm đeo
Tai nghe Bluetooth Earfun Air Pro 4 không chỉ mang tới trải nghiệm nghe ấn tượng mà còn có được trải nghiệm đeo thoải mái. Với kích thước nhỏ gọn, trọng lượng mỗi bên tai nghe không quá lớn và thiết kế công thái học, người dùng sẽ thoải mái sử dụng Earfun Air Pro 4 trong thời gian dài mà không gặp cảm giác đau tai, khó chịu. Phần hộp đựng được thiết kế dạng nắp gập vỏ sò để tiện lợi cất tai nghe khi không có nhu cầu sử dụng.
Đàm thoại rõ ràng, kháng nước theo tiêu chuẩn IPX5
Tai nghe Bluetooth Earfun Air Pro 4 được tích hợp thuật toán 6 mic và công nghệ AI, cVc 8.0 để nâng cao chất lượng các cuộc gọi. Ngay cả trong môi trường ồn ào, tai nghe cũng có thể tách được rõ ràng giọng người nói với các tạp âm để các cuộc đàm thoại diễn ra mượt mà, rõ ràng.Tai nghe còn được hoàn thiện theo chuẩn IPX5 để phù hợp sử dụng khi luyện tập thể thao mà không gây hư hỏng do tiếp xúc với chất lỏng, mồ hôi.
Hoạt động bền bỉ tới 52 giờ
Mỗi bên tai nghe Bluetooth Earfun Air Pro 4 có thể hoạt động tối đa tới 11 giờ liên tục tùy vào âm lượng và nhu cầu của người dùng. Hộp đựng tai nghe cung cấp thêm tới 41 giờ nghe để người dùng sử dụng trong nhiều ngày mà không cần phải nạp lại năng lượng cho thiết bị. Earfun Air Pro 4 cũng sở hữu khả năng sạc nhanh để tiếp tục phát nhạc tới 2 giờ chỉ với 10 phút sạc.
Kết nối đa thiết bị, tuỳ chỉnh tai nghe qua ứng dụng
Tai nghe Bluetooth Earfun Air Pro 4 được trang bị công nghệ Bluetooth 5.4 để có thể ghép nối ổn định với nhiều thiết bị cùng lúc. Đồng thời, quá trình tái ghép nối và chuyển đổi diễn ra giữa các thiết bị cũng được thực hiện hoàn toàn tự động và nhanh chóng, mượt mà. Sản phẩm còn sở hữu công nghệ Auracast Broadcast Audio để chia sẻ trực tiếp âm thanh tới những người xung quanh.
Đi kèm tai nghe Earfun Air Pro 4 là ứng dụng EarFun Audio. Thông qua ứng dụng này, các tín đồ yêu thích âm thanh có thể chủ động cá nhân hóa chiếc tay nghe của mình để phù hợp với sở thích, nhu cầu của bản thân.
Mua tai nghe Bluetooth Earfun Air Pro 4 giá tốt tại CellphoneS
Tai nghe Bluetooth Earfun Air Pro 4 đang đã có mặt trên các kệ hàng của tất cả các cửa hàng thuộc hệ thống CellphoneS để bạn tới tham khảo và đặt hàng trực tiếp. Mẫu tai nghe không dây của Earfun này còn được bán với mức giá vô cùng ưu đãi khi được hưởng thêm các chương trình giảm giá, chiết khấu Smember, chính sách trả góp không lãi suất,...tới từ CellphoneS.","{""Công nghệ âm thanh"": [{""name"": ""Công nghệ âm thanh"", ""value"": ""Chống ồn chủ động ANC\nHi-Res Audio\nKhử tiếng ồn thích ứng QuietSmart™ 3.0""}, {""name"": ""Micro"", ""value"": ""Có (6 mic AI)""}], ""Khả năng kết nối"": [{""name"": ""Bluetooth"", ""value"": ""5.4""}, {""name"": ""Ứng dụng kết nối"", ""value"": ""EarFun Audio""}], ""Thời lượng pin - sạc"": [{""name"": ""Dung lượng pin"", ""value"": ""Tai nghe: 11 giờ\nHộp sạc: 41 giờ (Tắt ANC)""}, {""name"": ""Cổng sạc"", ""value"": ""Type C""}], ""Điều khiển"": [{""name"": ""Phương thức điều khiển"", ""value"": ""Cảm ứng chạm""}], ""Tính năng - Tiện ích khác"": [{""name"": ""Tính năng khác"", ""value"": ""Sạc nhanh, sạc 10 phút = 2 giờ phát nhạc\nHỗ trợ Google Fast Pair""}], ""Thông tin hãng"": [{""name"": ""Hãng sản xuất"", ""value"": ""EarFun""}]}","[""https://cdn2.cellphones.com.vn/x/media/catalog/product/t/a/tai-nghe-bluetooth-earfun-air-pro-4-ksp_1_.png"", ""https://cdn2.cellphones.com.vn/x/media/catalog/product/t/a/tai-nghe-bluetooth-earfun-air-pro-4_1_.png"", ""https://cdn2.cellphones.com.vn/x/media/catalog/product/t/a/tai-nghe-bluetooth-earfun-air-pro-4-6.png"", ""https://cdn2.cellphones.com.vn/x/media/catalog/product/t/a/tai-nghe-bluetooth-earfun-air-pro-4-5.png"", ""https://cdn2.cellphones.com.vn/x/media/catalog/product/t/a/tai-nghe-bluetooth-earfun-air-pro-4-4.png"", ""https://cdn2.cellphones.com.vn/x/media/catalog/product/t/a/tai-nghe-bluetooth-earfun-air-pro-4-1.png"", ""https://cdn2.cellphones.com.vn/x/media/catalog/product/t/a/tai-nghe-bluetooth-earfun-air-pro-4-2.png"", ""https://cdn2.cellphones.com.vn/x/media/catalog/product/t/a/tai-nghe-bluetooth-earfun-air-pro-4-3.png""]","{""product_color_1"": {""color"": ""Đen"", ""image_url"": ""https://cdn2.cellphones.com.vn/insecure/rs:fill:50:50/q:90/plain/https://cellphones.com.vn/media/catalog/product/t/a/tai-nghe-bluetooth-earfun-air-pro-4_1__1.png"", ""image_url_display"": ""https://cellphones.com.vn/media/catalog/product/t/a/tai-nghe-bluetooth-earfun-air-pro-4_1__1.png"", ""product_url"": ""https://cellphones.com.vn/tai-nghe-bluetooth-earfun-air-pro-4.html?product_id=92975"", ""price"": ""1.590.000₫""}}"
Tai nghe Bluetooth True Wireless EarFun Air Life,tai-nghe-bluetooth-earfun-air-life,590.000đ,350.000đ,"Đặc điểm nổi bật
Tai nghe Bluetooth EarFun Air Life được trang bị công nghệ khử tiếng ồn AI ENC hiện đại, cùng hệ thống 4 microphone giúp cải thiện chất lượng cuộc gọi. Bên cạnh đó, thế hệ tai nghe Bluetooth EarFun này còn sở hữu trình điều khiển động tổng hợp 12mm mang đến âm trầm mạnh mẽ. Tai nghe cũng có khả năng chống nước IPX5 và điều khiển cảm ứng tiện lợi, hỗ trợ sử dụng độc lập từng bên tai, mang lại trải nghiệm thoải mái và linh hoạt.
Nội dung chính
1. Tai nghe Bluetooth Earfun Air Life - Độc đáo, chất âm ấn tượng 
1.1. Chất lượng âm thanh ấn tượng với màng loa 12mm
1.2. Thiết kế độc đáo 
1.3. Khử ồn hiệu quả với công nghệ khử ồn AI ENC hiện đại
1.4. Thời lượng trải nghiệm tốt và có hỗ trợ kháng nước IPX5
2. Mua tai nghe Bluetooth Earfun Air Life chính hãng tại CellphoneS
Tai nghe Bluetooth Earfun Air Life - Độc đáo, chất âm ấn tượng 
Tai nghe Bluetooth Earfun Air Life là một trong những dòng tai nghe true wireless nổi bật, không chỉ bởi thiết kế tinh tế mà còn nhờ vào các tính năng công nghệ tiên tiến. Với thiết kế in-ear nhẹ nhàng, vừa vặn và khả năng chống nước IPX5, mẫu tai nghe EarFun này là lựa chọn không thể bỏ qua cho người dùng yêu thích sự di động khi tập luyện thể thao hay làm việc
Chất lượng âm thanh ấn tượng với màng loa 12mm
Tai nghe EarFun Air Life được trang bị màng loa 12mm, mang đến âm thanh ấn tượng, đặc biệt là âm cao sáng rõ và chi tiết. Với dải âm trầm sâu và mạnh mẽ, người dùng có thể cảm nhận được sự uy lực, mạnh mẽ trong từng nhịp bass, tạo nên trải nghiệm âm thanh đầy đủ và chân thực.
Dải âm trung và cao cũng được chăm chút, giúp tái hiện giọng hát và nhạc cụ một cách rõ nét, làm hài lòng cả những người nghe khó tính. Điều này khiến EarFun Air Life trở thành lựa chọn hoàn hảo cho cả việc nghe nhạc, xem phim, và thực hiện cuộc gọi. 
Thiết kế độc đáo 
Thiết kế tai nghe EarFun Air Life có kiểu dáng thuôn dài với tay cầm để người dùng dễ dàng đặt chắc chắn trong tai, tăng cảm giác thoải mái và ổn định khi sử dụng trong thời gian dài. Ngoài ra, thiết kế này còn giúp Earfun Air Life chống rơi khi di chuyển, rất phù hợp với các hoạt động ngoài trời hoặc khi tập luyện. Sản phẩm này cũng đặc biệt phù hợp với những ai thường xuyên đàm thoại, nhờ khả năng bắt tiếng nói tốt hơn so với nhiều dòng tai nghe khác.
Khử ồn hiệu quả với công nghệ khử ồn AI ENC hiện đại
Công nghệ khử ồn AI ENC trên tai nghe EarFun Air Life mang đến khả năng khử tiếng ồn vượt trội, giúp bạn tập trung vào âm nhạc và cuộc gọi mà không bị ảnh hưởng bởi âm thanh bên ngoài. Với 4 micro tích hợp, tai nghe xử lý hiệu quả các tạp âm xung quanh, đảm bảo giọng nói luôn rõ ràng trong mọi môi trường. Nhờ tính năng này, EarFun Air Life đặc biệt hữu ích khi bạn sử dụng trong không gian ồn ào như quán cà phê hay khi di chuyển ngoài đường.
Thời lượng trải nghiệm tốt và có hỗ trợ kháng nước IPX5
Tai nghe Bluetooth EarFun Air Life cung cấp thời gian sử dụng liên tục lên đến 11 giờ với mức âm lượng trung bình. Khi kết hợp với hộp sạc, người dùng có thể kéo dài thời gian sử dụng lên đến tổng cộng 35 giờ, đủ cho nhu cầu sử dụng dài ngày. 
Chưa hết, EarFun Air True Wireless được thiết kế với khả năng chống nước và chống mồ hôi theo chuẩn IPX5, giúp tai nghe chịu được những điều kiện thời tiết khắc nghiệt như mưa gió, hoặc khi người dùng đổ nhiều mồ hôi trong quá trình tập luyện thể thao. 
Bên cạnh đó, EarFun Air True Wireless được điều khiển hoàn toàn qua cảm ứng, cho phép người dùng dễ dàng thực hiện các tác vụ như nhận cuộc gọi, tạm dừng phát nhạc, chuyển bài, tăng giảm âm lượng và thậm chí kích hoạt trợ lý ảo.
Mua tai nghe Bluetooth Earfun Air Life chính hãng tại CellphoneS
Mẫu tai nghe Bluetooth Earfun Air Life hiện đã có mặt tại CellphoneS với bảo hành chính hãng. Đặc biệt, quý khách có cơ hội săn sale mẫu tai nghe Earfun trong các dịp Tết, lễ 8/3, sale Black Friday với voucher siêu hấp dẫn.
Ưu đãi còn được nâng lên đáng kể khi khách hàng là thành viên của Smember hoặc Student. Liên hệ ngay với hotline 1800. 2097 của cửa hàng CellphoneS để biết thêm thông tin về mẫu tai nghe Bluetooth Earfun Air Life nhé!","{""Công nghệ âm thanh"": [{""name"": ""Công nghệ âm thanh"", ""value"": ""Chống ồn môi trường ENC""}, {""name"": ""Micro"", ""value"": ""Có (4 mic)""}, {""name"": ""Tính năng"", ""value"": ""Chống ồn, Điều khiển giọng nói, Có mic đàm thoại""}], ""Khả năng kết nối"": [{""name"": ""Bluetooth"", ""value"": ""5.4""}, {""name"": ""Ứng dụng kết nối"", ""value"": ""EarFun Audio""}], ""Thời lượng pin - sạc"": [{""name"": ""Dung lượng pin"", ""value"": ""Tai nghe: 11 giờ\nHộp sạc: 35 giờ""}, {""name"": ""Cổng sạc"", ""value"": ""Type C""}], ""Điều khiển"": [{""name"": ""Phương thức điều khiển"", ""value"": ""Cảm ứng chạm""}], ""Thông tin hãng"": [{""name"": ""Hãng sản xuất"", ""value"": ""EarFun""}]}","[""https://cdn2.cellphones.com.vn/x/media/catalog/product/t/a/tai-nghe-bluetooth-earfun-air-life_1__2.png"", ""https://cdn2.cellphones.com.vn/x/media/catalog/product/t/a/tai-nghe-bluetooth-earfun-air-life_2__2.png"", ""https://cdn2.cellphones.com.vn/x/media/catalog/product/t/a/tai-nghe-bluetooth-earfun-air-life_11.png"", ""https://cdn2.cellphones.com.vn/x/media/catalog/product/t/a/tai-nghe-bluetooth-earfun-air-life_4.jpg"", ""https://cdn2.cellphones.com.vn/x/media/catalog/product/t/a/tai-nghe-bluetooth-earfun-air-life_7.jpg"", ""https://cdn2.cellphones.com.vn/x/media/catalog/product/t/a/tai-nghe-bluetooth-earfun-air-life_1.jpg"", ""https://cdn2.cellphones.com.vn/x/media/catalog/product/t/a/tai-nghe-bluetooth-earfun-air-life_2.jpg"", ""https://cdn2.cellphones.com.vn/x/media/catalog/product/t/a/tai-nghe-bluetooth-earfun-air-life_5.jpg"", ""https://cdn2.cellphones.com.vn/x/media/catalog/product/t/a/tai-nghe-bluetooth-earfun-air-life_8.png"", ""https://cdn2.cellphones.com.vn/x/media/catalog/product/t/a/tai-nghe-bluetooth-earfun-air-life_6.jpg"", ""https://cdn2.cellphones.com.vn/x/media/catalog/product/t/a/tai-nghe-bluetooth-earfun-air-life_9.png"", ""https://cdn2.cellphones.com.vn/x/media/catalog/product/t/a/tai-nghe-bluetooth-earfun-air-life_3.jpg"", ""https://cdn2.cellphones.com.vn/x/media/catalog/product/t/a/tai-nghe-bluetooth-earfun-air-life_10.png"", ""https://cdn2.cellphones.com.vn/x/media/catalog/product/t/a/tai-nghe-bluetooth-earfun-air-life_2_.png"", ""https://cdn2.cellphones.com.vn/x/media/catalog/product/t/a/tai-nghe-bluetooth-earfun-air-life_1_.png""]","{""product_color_1"": {""color"": ""Trắng"", ""image_url"": ""https://cdn2.cellphones.com.vn/insecure/rs:fill:50:50/q:90/plain/https://cellphones.com.vn/media/catalog/product/t/a/tai-nghe-bluetooth-earfun-air-life_8_1.png"", ""image_url_display"": ""https://cellphones.com.vn/media/catalog/product/t/a/tai-nghe-bluetooth-earfun-air-life_8_1.png"", ""product_url"": ""https://cellphones.com.vn/tai-nghe-bluetooth-earfun-air-life.html?product_id=92524"", ""price"": ""350.000₫""}, ""product_color_2"": {""color"": ""Đen"", ""image_url"": ""https://cdn2.cellphones.com.vn/insecure/rs:fill:50:50/q:90/plain/https://cellphones.com.vn/media/catalog/product/t/a/tai-nghe-bluetooth-earfun-air-life_11_1.png"", ""image_url_display"": ""https://cellphones.com.vn/media/catalog/product/t/a/tai-nghe-bluetooth-earfun-air-life_11_1.png"", ""product_url"": ""https://cellphones.com.vn/tai-nghe-bluetooth-earfun-air-life.html?product_id=92523"", ""price"": ""350.000₫""}, ""product_color_3"": {""color"": ""Tím"", ""image_url"": ""https://cdn2.cellphones.com.vn/insecure/rs:fill:50:50/q:90/plain/https://cellphones.com.vn/media/catalog/product/t/a/tai-nghe-bluetooth-earfun-air-life_9_1.png"", ""image_url_display"": ""https://cellphones.com.vn/media/catalog/product/t/a/tai-nghe-bluetooth-earfun-air-life_9_1.png"", ""product_url"": ""https://cellphones.com.vn/tai-nghe-bluetooth-earfun-air-life.html?product_id=92525"", ""price"": ""350.000₫""}}"
Tai nghe Bluetooth Open Ear Earfun Clip,tai-nghe-bluetooth-earfun-clip-anc,1.990.001đ,1.240.000đ,"Đặc điểm nổi bật
Tai nghe Bluetooth EarFun Clip sở hữu driver dynamic 10.8mm làm từ sợi carbon cao cấp, hỗ trợ codec LDAC chuẩn Hi-Res và Bluetooth 6.0 hiện đại. Thiết kế Open-Ear không cần nhét vào ống tai, tạo cảm giác thoáng khí. Thời lượng pin lên đến 40 giờ, hỗ trợ tùy chỉnh âm thanh qua ứng dụng EarFun Audio, đáp ứng nhu cầu sử dụng cả ngày dài.
Nội dung chính
1. Tai nghe Bluetooth EarFun Clip – Trải nghiệm đeo thoải mái cả ngày, âm thanh chất lượng cao
1.1. Chất âm sống động với công nghệ âm thanh tiên tiến
1.2. Thiết kế Open-Ear thoải mái, không gây bí tai
1.3. Đàm thoại rõ ràng, bền bỉ trong mọi môi trường
1.4. Tận hưởng trọn vẹn cả ngày, không gián đoạn
1.5. Kết nối Bluetooth 6.0 ổn định, dùng không gián đoạn
2. Mua tai nghe Bluetooth EarFun Clip chính hãng tại CellphoneS
Tai nghe Bluetooth EarFun Clip – Trải nghiệm đeo thoải mái cả ngày, âm thanh chất lượng cao
Tai nghe EarFun Clip phù hợp với nhiều tình huống như làm việc, học tập, giải trí hay vận động. Thiết kế mẫu tai nghe EarFun này gọn nhẹ, thoải mái khi đeo suốt cả ngày dài.
Chất âm sống động với công nghệ âm thanh tiên tiến
Tai nghe Bluetooth EarFun tích hợp công nghệ âm thanh vòm 3D Immersive và driver 10.8mm, tái tạo hiệu ứng âm thanh đa chiều đầy sống động. Âm trường rộng, tái hiện không gian sống động như đang thưởng thức trực tiếp trên sân khấu. Mỗi lần nghe là một trải nghiệm giàu cảm xúc và chân thực.
Tai nghe Bluetooth EarFun Clip hỗ trợ codec LDAC cao cấp, cho âm thanh chuẩn Hi-Res với dải bass sâu, âm trung rõ và chi tiết tách bạch. Dù thuộc dòng tai nghe Open-Ear, chất âm vẫn rõ nét, chân thực, đáp ứng nhu cầu nghe nhạc chất lượng cao.
Thiết kế Open-Ear thoải mái, không gây bí tai
EarFun Clip có thiết kế dạng Clip gọn gàng, ôm sát vành tai giúp cố định chắc chắn, không lo rơi rớt kể cả khi vận động mạnh. Toàn bộ phần khung được hoàn thiện từ vật liệu nhẹ bền, thân thiện với da, đảm bảo cảm giác dễ chịu suốt cả ngày dài sử dụng.
Bên trong, tai nghe EarFun Clip được trang bị driver dynamic 10.8mm cấu tạo từ sợi carbon cao cấp, hỗ trợ âm trường mở rộng, âm thanh rõ ràng và sắc nét hơn. Sự kết hợp giữa thiết kế thoáng khí và cấu hình âm thanh mạnh mẽ mang lại trải nghiệm đeo vừa thoải mái, vừa đắm chìm.
Tai nghe Bluetooth EarFun Clip có kích thước gọn gàng 66 x 48,3 x 28mm, trọng lượng chỉ 49,2g giúp đeo lâu không gây mỏi tai. Thiết kế này phù hợp với nhiều kích cỡ tai khác nhau, mang lại cảm giác thoải mái và ổn định trong mọi hoạt động thường ngày.
Đàm thoại rõ ràng, bền bỉ trong mọi môi trường
Tai nghe Bluetooth EarFun Clip tích hợp micro chất lượng cao, hỗ trợ đàm thoại rõ nét ngay cả trong môi trường ồn ào. Nhờ công nghệ khử tiếng ồn ENC, âm thanh thu vào sạch hơn, giúp giọng nói truyền đi trọn vẹn trong các cuộc gọi, học tập hay họp online.
Sản phẩm còn đạt chuẩn chống nước và bụi IP55, cho phép sử dụng ổn định trong điều kiện mồ hôi hoặc mưa nhẹ. Dù bạn đang tập gym, chạy bộ hay làm việc ngoài trời, tai nghe vẫn đảm bảo hoạt động bền bỉ và an toàn.
Tận hưởng trọn vẹn cả ngày, không gián đoạn
Tai nghe Bluetooth EarFun Clip cho thời gian sử dụng lên đến 10 giờ chỉ với một lần sạc (khi tắt LDAC), và tổng cộng tới 40 giờ khi dùng kèm hộp sạc USB-C. Dù nghe nhạc, gọi điện hay họp online, tai nghe luôn đáp ứng trọn vẹn cả ngày dài.
Tai nghe hỗ trợ sạc nhanh, giúp giảm thời gian chờ và luôn sẵn sàng cho mọi hành trình. Trang bị cổng USB-C hiện đại, tương thích cao với nhiều thiết bị và đảm bảo quá trình sạc an toàn, ổn định.
Kết nối Bluetooth 6.0 ổn định, dùng không gián đoạn
Tai nghe Bluetooth EarFun sử dụng công nghệ Bluetooth 6.0 tiên tiến, cho tốc độ kết nối nhanh, ổn định và tiết kiệm pin. Tính năng Google Fast Pair hỗ trợ ghép nối tức thì với các thiết bị Android 6.0 trở lên, giúp rút ngắn thời gian thao tác và tăng tính tiện dụng.
Bên cạnh đó, tai nghe Bluetooth EarFun Clip còn có tính năng Dual Connect cho phép kết nối đồng thời hai thiết bị như điện thoại và laptop. Người dùng có thể chuyển đổi liền mạch giữa các thiết bị mà không cần ngắt kết nối thủ công – cực kỳ phù hợp cho môi trường làm việc đa nhiệm hoặc giải trí di động.
Chế độ Game Mode giảm độ trễ, cho trải nghiệm âm thanh – hình ảnh đồng bộ, liền mạch. Người dùng còn có thể tinh chỉnh EQ, chế độ âm thanh và điều khiển tai nghe qua ứng dụng EarFun Audio hoặc thao tác trực tiếp bằng nút bấm vật lý tích hợp.
Mua tai nghe Bluetooth EarFun Clip chính hãng tại CellphoneS
Người dùng có thể mua tai nghe Bluetooth EarFun Clip chính hãng tại CellphoneS với nhiều ưu đãi. Sản phẩm được bảo hành minh bạch, hỗ trợ trả góp 0% lãi suất, phù hợp với mọi nhu cầu chi tiêu. Đặc biệt, khách hàng sẽ nhận được ưu đãi thành viên khi thanh toán qua ứng dụng hoặc ví điện tử. CellphoneS còn cung cấp cả hình thức mua tại cửa hàng và đặt hàng online giao nhanh, giúp việc sở hữu sản phẩm trở nên tiện lợi và tiết kiệm hơn.","{""Kích thước & Trọng lượng"": [{""name"": ""Kích thước"", ""value"": ""66m x 48,3 x 28 mm""}, {""name"": ""Trọng lượng"", ""value"": ""49,2g""}], ""Công nghệ âm thanh"": [{""name"": ""Công nghệ âm thanh"", ""value"": ""Immersive 3D surround""}, {""name"": ""Micro"", ""value"": ""Có (2 mic)""}, {""name"": ""Tính năng"", ""value"": ""Chống ồn, Có mic đàm thoại""}], ""Khả năng kết nối"": [{""name"": ""Số thiết bị kết nối cùng lúc"", ""value"": ""2""}, {""name"": ""Kết nối"", ""value"": ""Không dây""}, {""name"": ""Bluetooth"", ""value"": ""6.0""}, {""name"": ""Cổng kết nối"", ""value"": ""Type C""}, {""name"": ""Ứng dụng kết nối"", ""value"": ""EarFun Audio""}], ""Thời lượng pin - sạc"": [{""name"": ""Thời lượng sử dụng Pin"", ""value"": ""40""}, {""name"": ""Cổng sạc"", ""value"": ""Type-C""}], ""Điều khiển"": [{""name"": ""Phương thức điều khiển"", ""value"": ""Phím vật lý""}], ""Tính năng - Tiện ích khác"": [{""name"": ""Tính năng khác"", ""value"": ""Game mode\nDual connect\nMicro đàm thoại công nghệ giảm ồn""}], ""Thông tin hãng"": [{""name"": ""Hãng sản xuất"", ""value"": ""EarFun""}]}","[""https://cdn2.cellphones.com.vn/x/media/catalog/product/t/a/tai-nghe-khong-day-earfun.png"", ""https://cdn2.cellphones.com.vn/x/media/catalog/product/s/l/sl0_3.png"", ""https://cdn2.cellphones.com.vn/x/media/catalog/product/s/l/sl1_2.png"", ""https://cdn2.cellphones.com.vn/x/media/catalog/product/a/_/a_5_4.png"", ""https://cdn2.cellphones.com.vn/x/media/catalog/product/a/a/aa_2.png"", ""https://cdn2.cellphones.com.vn/x/media/catalog/product/a/1/a1_3.png"", ""https://cdn2.cellphones.com.vn/x/media/catalog/product/a/0/a0_1_1.png"", ""https://cdn2.cellphones.com.vn/x/media/catalog/product/a/2/a2_2_2.png"", ""https://cdn2.cellphones.com.vn/x/media/catalog/product/a/3/a3_1.png""]","{""product_color_1"": {""color"": ""Đen"", ""image_url"": ""https://cdn2.cellphones.com.vn/insecure/rs:fill:50:50/q:90/plain/https://cellphones.com.vn/media/catalog/product/a/_/a_5_5.png"", ""image_url_display"": ""https://cellphones.com.vn/media/catalog/product/a/_/a_5_5.png"", ""product_url"": ""https://cellphones.com.vn/tai-nghe-bluetooth-earfun-clip-anc.html?product_id=107335"", ""price"": ""1.240.000₫""}}"
Tai nghe Bluetooth True Wireless EarFun Air Pro 3,tai-nghe-bluetooth-earfun-air-pro-3,2.390.000đ,1.190.000đ,"Đặc điểm nổi bật
Tai nghe Bluetooth Earfun Air Pro 3 được trang bị trình điều khiển Wool Composite 11mm cùng chip Qualcomm aptX Adaptive để có thể tạo ra chất lượng âm thanh chuẩn Hi-Fi. Mẫu tai nghe không dây của Earfun còn được trang bị hệ thống 6 microphone để nâng cao hiệu quả đàm thoại. Với công nghệ Bluetooth 5.3, sản phẩm sẽ luôn đảm bảo được tình ổn định trong quá trình kết nối và đồng thời tối ưu điện năng tiêu thụ.
Nội dung chính
1. Tai nghe Bluetooth Earfun Air Pro 3 - Âm thanh chuẩn Hi-Fi, chống ồn hiệu quả
1.1. Chất lượng âm thanh chuẩn Hi-Fi
1.2. Thiết kế tối giản và nhỏ gọn
1.3. Nâng cao chất lượng đàm thoại với hệ thống microphone chống ồn
1.4. Thời lượng sử dụng tối đa tới 45 giờ
1.5. Kết nối ổn định, tùy chỉnh dễ dàng qua ứng dụng My Earfun
2. Mua tai nghe Bluetooth Earfun Air Pro 3 giá tốt tại CellphoneS
Tai nghe Bluetooth Earfun Air Pro 3 - Âm thanh chuẩn Hi-Fi, chống ồn hiệu quả
Tai nghe Bluetooth Earfun Air Pro 3 được trang bị nhiều tính năng tiến tiến nhất thời điểm hiện tại để trở thành mẫu tai nghe không dây đáng sở hữu nhất trong phân khúc giá phổ thông. Mẫu tai nghe Earfun này có gì đặc biệt? Hãy cùng CellphoneS khám phá chi tiết hơn về sản phẩm Earfun Air Pro 3 trong bài viết này nhé!
Chất lượng âm thanh chuẩn Hi-Fi
Tai nghe Bluetooth Earfun Air Pro 3 là mẫu tai nghe không dây phổ thông sở hữu chất âm chuẩn Hi-Fi. Điều này có được là bởi Air Pro 3 đã được Earfun trang bị trình điều khiển Wool Composite 11mm độc đáo do chính hãng tự sản xuất. Trình điều khiển dạng len này sẽ đem đến độ chi tiết cao hơn để người dùng có được trải nghiệm nghe sống động.
Earfun Air Pro 3 còn sử dụng con chip âm thanh Qualcomm QCC3071 tiên tiến và các CODEC mới nhất hiện nay. CODEC đầu tiên cần phải nhắc tới là aptX Adaptive với khả năng cân bằng giữa độ trễ trong kết nối với chất lượng âm thanh. Tiếp đến là LC3 và LE Audio có chức năng giải mã và tăng chất lượng âm thanh nhưng vẫn đảm bảo giảm lượng điện năng tiêu thụ.
Thiết kế tối giản và nhỏ gọn
Trái ngược với sự ấn tượng về chất lượng âm thanh, tai nghe Bluetooth Earfun Air Pro 3 lại sở hữu một thiết kế khá tối giản. Hộp sạc của Earfun Air Pro 3 được bo cong các góc cạnh để tạo sự thoải mái khi cất trong túi quần, túi áo. Với thiết kế dạng nắp gập vỏ sò, nút kết nối của tai nghe Air Pro 3 sẽ được đặt bên trong hộp sạc thay vì trên thân. Tuy nhiên đèn báo tình trạng pin của hộp sạc vẫn được đặt ở mặt trước để người dùng dễ dàng theo dõi.
Tai nghe Earfun Air Pro 3 được thiết kế dạng in-ear để hạn chế tối đa các tạp âm có thể lọt vào trong quá trình sử dụng. Bảng điều khiển cảm ứng được đặt ở phần đuôi tai nghe để việc thao tác được chính xác và dễ dàng hơn. Mẫu tai nghe của Earfun sẽ chỉ có duy nhất một phiên bản màu đen để người dùng không gặp khó khăn trong việc tìm kiếm tùy chọn màu sắc phù hợp.
Nâng cao chất lượng đàm thoại với hệ thống microphone chống ồn
Tai nghe Bluetooth Earfun Air Pro 3 được trang bị hệ thống 6 microphone để luôn đảm bảo chất lượng đàm thoại. 6 microphone này sẽ phối hợp với nhau để đồng thời xử lý riêng biệt nhiều loại âm thanh nhằm giảm tiếng ồn và ghi lại giọng nói người dùng một cách chính xác. Từ đó, các cuộc gọi thông qua tai nghe sẽ luôn có được độ sắc nét, rõ ràng.
Công nghệ chống ồn môi trường, tách tiếng nói cVc 8.0 của con chip Qualcomm QCC3071 cũng góp phần không nhỏ để mang tới hiệu quả đàm thoại tốt hơn cho tai nghe. Earfun Air Pro 3 còn được hoàn thiện theo chuẩn kháng nước IPX5 để người dùng có thể thoải mái sử dụng sản phẩm mà không lo tình trạng hư hỏng do mồ hôi hay nước mưa.
Thời lượng sử dụng tối đa tới 45 giờ
Mỗi bên tai nghe Bluetooth Earfun Air Pro 3 có thể hoạt động lên tới 7 giờ trong điều kiện bất tính năng ANC liên tục. Còn khi tắt tính năng ANC, sản phẩm có thể hoạt động liền mạch tối đa tới 9 giờ theo công bố của Earfun. Khi kết hợp với hộp sạc, tai nghe Air Pro 3 sẽ có tổng thời gian hoạt động lên tới 45 giờ để người dùng thoải mái sử dụng mà không cần sạc lại quá nhiều.
Ngoài cổng sạc Type-C, tai nghe không dây Air Pro 3 của Earfun còn có thể sạc không dây theo chuẩn Qualcomm Qi. Earfun còn trang bị tính năng sạc nhanh cho tai nghe Air Pro 3 để sản phẩm có thể tiếp tục hoạt động tới 2 giờ chỉ với 10 phút sạc pin. Việc sở hữu đa dạng phương thức sạc cùng tính năng sạc nhanh sẽ đảm bảo người dùng luôn có được sự tiện lợi khi sử dụng tai nghe.
Kết nối ổn định, tùy chỉnh dễ dàng qua ứng dụng My Earfun
Tai nghe Bluetooth Earfun Air Pro 3 được trang bị công nghệ Bluetooth 5.3 hiện đại nhất ở thời điểm hiện tại. Với công nghệ Bluetooth 5.3, mẫu tai nghe không dây tới từ thương hiệu Earfun sẽ luôn duy trì khả năng kết nối nhanh chóng, ổn định, giảm thiểu điện năng tiêu hao. Đồng thời, công nghệ này còn cho phép người dùng có thể kết nối tai nghe Air Pro 3 cùng lúc với hai thiết bị để tiện lợi hơn trong quá trình trải nghiệm.
Đi kèm với tai nghe còn có ứng dụng My EarFun có trên cả hai hệ điều hành Android và iOS. Thông qua ứng dụng này, người dùng sẽ có thể tùy chỉnh chất lượng âm thanh theo đúng sở thích của bản thân cũng như tiếp cận với nhiều tính năng mở rộng khác mà Earfun đã chuẩn bị sẵn.
Mua tai nghe Bluetooth Earfun Air Pro 3 giá tốt tại CellphoneS
Tai nghe Bluetooth Earfun Air Pro 3 chính hãng hiện đã có thể dễ dàng tìm mua tại các cửa hàng CellphoneS trên cả nước. Mẫu tai nghe không dây của Earfun còn đang được hưởng rất nhiều chương trình giảm giá, ưu đãi trong thanh toán, chiết khấu dành riêng cho hội viên Smember,...cùng gói bảo hành dài hạn, chính sách đổi trả uy tín để bạn luôn có thể sở hữu sản phẩm chất lượng với giá bán cực tốt.","{""Công nghệ âm thanh"": [{""name"": ""Công nghệ âm thanh"", ""value"": ""Chống ồn chủ động ANC\nCông nghệ QuietSmart™ 2.0""}, {""name"": ""Micro"", ""value"": ""Có (6 mic)""}], ""Khả năng kết nối"": [{""name"": ""Số thiết bị kết nối cùng lúc"", ""value"": ""2 thiết bị""}, {""name"": ""Bluetooth"", ""value"": ""5.3""}, {""name"": ""Ứng dụng kết nối"", ""value"": ""EarFun Audio""}], ""Thời lượng pin - sạc"": [{""name"": ""Dung lượng pin"", ""value"": ""Tai nghe: 9 giờ\nHộp sạc: 36 giờ (Tắt ANC)""}, {""name"": ""Cổng sạc"", ""value"": ""Type C\nSạc không dây""}, {""name"": ""Thời gian sạc"", ""value"": ""USB-C: 2 giờ\nSạc không dây: 3.5 giờ""}], ""Điều khiển"": [{""name"": ""Phương thức điều khiển"", ""value"": ""Cảm ứng chạm""}], ""Tính năng - Tiện ích khác"": [{""name"": ""Tính năng khác"", ""value"": ""Sạc nhanh\nCông nghệ cVc™ 8.0\nTự động kết nối khi mở hộp""}], ""Kích thước & Trọng lượng"": [{""name"": ""Kích thước"", ""value"": ""60 x 50 x 31mm""}, {""name"": ""Trọng lượng"", ""value"": ""52g""}], ""Kết nối & Điều khiển"": [{""name"": ""Phạm vi kết nối"", ""value"": ""15m""}], ""Thông tin hãng"": [{""name"": ""Hãng sản xuất"", ""value"": ""EarFun""}]}","[""https://cdn2.cellphones.com.vn/x/media/catalog/product/t/a/tai-nghe-bluetooth-earfun-air-pro-3_3_.png"", ""https://cdn2.cellphones.com.vn/x/media/catalog/product/t/a/tai-nghe-bluetooth-earfun-air-pro-3_5_.png"", ""https://cdn2.cellphones.com.vn/x/media/catalog/product/t/a/tai-nghe-bluetooth-earfun-air-pro-3_7_.png"", ""https://cdn2.cellphones.com.vn/x/media/catalog/product/t/a/tai-nghe-bluetooth-earfun-air-pro-3_8_.png"", ""https://cdn2.cellphones.com.vn/x/media/catalog/product/t/a/tai-nghe-bluetooth-earfun-air-pro-3_9_.png"", ""https://cdn2.cellphones.com.vn/x/media/catalog/product/t/a/tai-nghe-bluetooth-earfun-air-pro-3_4_.png"", ""https://cdn2.cellphones.com.vn/x/media/catalog/product/t/a/tai-nghe-bluetooth-earfun-air-pro-3_2_.png"", ""https://cdn2.cellphones.com.vn/x/media/catalog/product/t/a/tai-nghe-bluetooth-earfun-air-pro-3.png""]","{""product_color_1"": {""color"": ""Đen"", ""image_url"": ""https://cdn2.cellphones.com.vn/insecure/rs:fill:50:50/q:90/plain/https://cellphones.com.vn/media/catalog/product/p/h/photo_2024-06-13_10-37-12.jpg"", ""image_url_display"": ""https://cellphones.com.vn/media/catalog/product/p/h/photo_2024-06-13_10-37-12.jpg"", ""product_url"": ""https://cellphones.com.vn/tai-nghe-bluetooth-earfun-air-pro-3.html?product_id=84687"", ""price"": ""1.190.000₫""}}"
Tai nghe Bluetooth True Wireless EarFun Air 2,tai-nghe-bluetooth-earfun-air-2,1.190.000đ,790.000đ,"Đặc điểm nổi bật
Tai nghe Bluetooth EarFun Air 2 nổi bật với âm thanh độ phân giải cao, được chứng nhận Hi-Res và hỗ trợ giải mã LDAC, cho tốc độ truyền lên tới 990kbps. Công nghệ khử tiếng ồn 4-Mic đảm bảo cuộc gọi rõ ràng, trong khi driver 10mm Wool Composite Dynamic tùy chỉnh cung cấp âm thanh chi tiết và dải tần số cao mở rộng. Sản phẩm tai nghe Earfun này còn sở hữu chế độ Games Mode giảm độ trễ xuống dưới 55ms, lý tưởng cho trải nghiệm chơi game và xem video. 
Nội dung chính
1. Tai nghe Bluetooth EarFun Air 2 - Âm thanh Hi-Res và sử dụng lên đến 40 giờ
1.1. Âm thanh Hi-Res, driver 10mm nâng cao trải nghiệm nghe
1.2. Thiết kế nhỏ gọn, trọng lượng chỉ 45g
1.3. Công nghệ khử tiếng ồn 4-Mic, chống nước IPX7 bền bỉ
1.4. Thời gian nghe ấn tượng lên đến 40 giờ, hỗ trợ sạc không dây tiện lợi
1.5. Kết nối đa thiết bị, công nghệ Bluetooth 5.3
2. Mua tai nghe Bluetooth EarFun Air 2 chính hãng tại CellphoneS
Tai nghe Bluetooth EarFun Air 2 - Âm thanh Hi-Res và sử dụng lên đến 40 giờ
Tai nghe Bluetooth EarFun Air 2 là sản phẩm đột phá trong lĩnh vực âm thanh không dây, mang đến trải nghiệm nghe nhạc và gọi điện tuyệt vời. Với công nghệ âm thanh tiên tiến và thiết kế nhỏ gọn, thanh lịch, tai nghe này đáp ứng mọi nhu cầu của người dùng hiện đại. Khả năng chống nước IPX7 và thời lượng pin ấn tượng càng làm tăng giá trị sử dụng của sản phẩm.
Âm thanh Hi-Res, driver 10mm nâng cao trải nghiệm nghe
Thiết bị mang đến âm thanh độ phân giải cao, được chứng nhận Hi-Res và hỗ trợ giải mã LDAC, cho phép phát âm thanh với tốc độ truyền lên tới 990kbps và độ phân giải từ 96kHz/24bit trở lên. Driver 10mm Wool Composite Dynamic tùy chỉnh cung cấp dải tần số cao mở rộng và cải thiện chi tiết âm thanh, mang lại trải nghiệm nghe nhạc tuyệt vời.
Chế độ Games Mode với độ trễ dưới 55ms giúp tối ưu hóa trải nghiệm chơi game và xem video, đảm bảo âm thanh và hình ảnh luôn đồng bộ. Với công nghệ âm thanh tiên tiến, EarFun Air 2 đáp ứng mọi nhu cầu giải trí của người dùng.
Thiết kế nhỏ gọn, trọng lượng chỉ 45g
EarFun Air 2 sở hữu thiết kế nhỏ gọn với kích thước 62,1mm x 47,5mm x 25mm và trọng lượng chỉ 45g, mang lại cảm giác nhẹ nhàng, thoải mái khi sử dụng. Màu sắc thanh lịch và tinh tế phù hợp với nhiều phong cách khác nhau, làm tôn lên vẻ hiện đại và sang trọng của sản phẩm. 
Đi kèm với tai nghe là 4 kích thước eartip khác nhau, giúp người dùng dễ dàng lựa chọn kích thước phù hợp nhất, đảm bảo độ vừa vặn và thoải mái. Sự kết hợp giữa thiết kế tinh tế và tính năng tiện dụng làm cho EarFun Air 2 trở thành lựa chọn lý tưởng cho người dùng.
Công nghệ khử tiếng ồn 4-Mic, chống nước IPX7 bền bỉ
Sản phẩm được trang bị công nghệ khử tiếng ồn 4-Mic, giúp cuộc gọi luôn rõ ràng và không bị gián đoạn. Hệ thống 4 mic thu âm chính xác giọng nói, tăng cường khả năng khử tiếng ồn để loại bỏ âm thanh xung quanh, đảm bảo bạn không bỏ lỡ bất kỳ lời nào từ bạn bè và người thân. 
Với khả năng chống nước IPX7 và công nghệ SweatShield™, tai nghe có thể chịu được mồ hôi và nước, thích hợp cho mọi hoạt động thể thao và ngoài trời. Sự kết hợp giữa mic đàm thoại chất lượng và khả năng chống nước vượt trội làm cho EarFun Air 2 trở thành lựa chọn hoàn hảo cho người dùng năng động.
Thời gian nghe ấn tượng lên đến 40 giờ, hỗ trợ sạc không dây tiện lợi
EarFun Air 2 mang đến thời gian nghe ấn tượng lên đến 40 giờ, bao gồm 9 giờ sử dụng liên tục và thêm 31 giờ khi kết hợp với hộp sạc. Chỉ với một lần sạc, bạn có thể nghe nhạc suốt 9 giờ liên tục và khi cần sạc nhanh, chỉ cần 10 phút để có thêm 2 giờ sử dụng. 
Với khả năng sạc linh hoạt và thời lượng pin lâu dài, EarFun Air 2 đảm bảo không gián đoạn trải nghiệm âm nhạc và các hoạt động hàng ngày của bạn.
Kết nối đa thiết bị, công nghệ Bluetooth 5.3
Tai nghe Bluetooth EarFun Air 2 hỗ trợ kết nối đa thiết bị, cho phép bạn kết nối máy tính bảng, máy tính và điện thoại thông minh cùng lúc mà không cần mất thời gian chuyển đổi. Với ứng dụng EarFun Audio, bạn có thể cá nhân hóa tai nghe của mình, kiểm tra nhanh trạng thái pin, điều khiển cảm ứng và kích hoạt chế độ khử ồn một cách dễ dàng. 
Công nghệ Bluetooth 5.3 đảm bảo mức tiêu thụ điện năng cực thấp và kết nối ổn định, mang lại trải nghiệm liền mạch và tiện lợi cho người dùng. Sự kết hợp giữa tính năng kết nối đa thiết bị và công nghệ hiện đại làm cho EarFun Air 2 trở thành sự lựa chọn tối ưu cho cuộc sống hiện đại.
Mua tai nghe Bluetooth EarFun Air 2 chính hãng tại CellphoneS
Mua tai nghe Bluetooth EarFun Air 2 chính hãng tại CellphoneS là lựa chọn đúng đắn cho bạn, với cam kết về chất lượng và dịch vụ sau bán hàng tốt nhất. Với âm thanh Hi-Res và thời lượng pin lên đến 40 giờ, bạn sẽ được trải nghiệm âm nhạc mọi lúc, mọi nơi mà không cần lo lắng về việc sạc lại. Đảm bảo an tâm với sản phẩm chính hãng và sự phục vụ chuyên nghiệp từ CellphoneS, để bạn tận hưởng trọn vẹn niềm đam mê âm nhạc của mình.","{""Công nghệ âm thanh"": [{""name"": ""Công nghệ âm thanh"", ""value"": ""Âm thanh Hi-Res Wireless""}, {""name"": ""Micro"", ""value"": ""Có\n4 mic AI""}, {""name"": ""Tính năng"", ""value"": ""Điều khiển giọng nói, Có mic đàm thoại, Sạc không dây""}], ""Khả năng kết nối"": [{""name"": ""Số thiết bị kết nối cùng lúc"", ""value"": ""2 thiết bị""}, {""name"": ""Bluetooth"", ""value"": ""5.3""}, {""name"": ""Ứng dụng kết nối"", ""value"": ""EarFun Audio""}], ""Thời lượng pin - sạc"": [{""name"": ""Dung lượng pin"", ""value"": ""Tai nghe: 9 giờ\nHộp sạc: 31 giờ""}, {""name"": ""Cổng sạc"", ""value"": ""Type C\nSạc không dây""}, {""name"": ""Thời gian sạc"", ""value"": ""2 giờ""}], ""Điều khiển"": [{""name"": ""Phương thức điều khiển"", ""value"": ""Cảm ứng chạm""}], ""Tính năng - Tiện ích khác"": [{""name"": ""Tính năng khác"", ""value"": ""Công nghệ SweatShield™\nSạc nhanh""}], ""Kích thước & Trọng lượng"": [{""name"": ""Kích thước"", ""value"": ""62.1 x 47.5 x 25 mm""}, {""name"": ""Trọng lượng"", ""value"": ""45g""}], ""Kết nối & Điều khiển"": [{""name"": ""Phạm vi kết nối"", ""value"": ""15m""}], ""Thông tin hãng"": [{""name"": ""Hãng sản xuất"", ""value"": ""EarFun""}]}","[""https://cdn2.cellphones.com.vn/x/media/catalog/product/t/a/tai-nghe-bluetooth-earfun-air-2_1_.png"", ""https://cdn2.cellphones.com.vn/x/media/catalog/product/t/a/tai-nghe-bluetooth-earfun-air-2_2_.png"", ""https://cdn2.cellphones.com.vn/x/media/catalog/product/t/a/tai-nghe-bluetooth-earfun-air-2-1.png"", ""https://cdn2.cellphones.com.vn/x/media/catalog/product/t/a/tai-nghe-bluetooth-earfun-air-2-3.png""]","{""product_color_1"": {""color"": ""Đen"", ""image_url"": ""https://cdn2.cellphones.com.vn/insecure/rs:fill:50:50/q:90/plain/https://cellphones.com.vn/media/catalog/product/t/a/tai-nghe-bluetooth-earfun-air-2_2__1.png"", ""image_url_display"": ""https://cellphones.com.vn/media/catalog/product/t/a/tai-nghe-bluetooth-earfun-air-2_2__1.png"", ""product_url"": ""https://cellphones.com.vn/tai-nghe-bluetooth-earfun-air-2.html?product_id=84365"", ""price"": ""790.000₫""}}"
Tai nghe Bluetooth True Wireless EarFun OpenJump,tai-nghe-bluetooth-earfun-open-jump,1.590.000đ,1.390.000đ,"Đặc điểm nổi bật
Tai nghe Bluetooth EarFun Open Jump mở ra không gian nghe nhạc chân thực cho người dùng nhờ công nghệ Hi-Res Audio kết hợp cùng 3D Surround sống động. Thiết bị có độ trễ <50ms, đem đến trải nghiệm giải trí tối ưu. Tai nghe đạt chuẩn IPX7 và SweatShield, giúp người dùng an tâm sử dụng ngay cả khi trời mưa hay đổ mồ hôi.
Nội dung chính
1. Tai nghe Bluetooth EarFun Open Jump - Đắm chìm trong từng nhịp âm thanh
1.1. Âm thanh Hi-Res, âm vòm 3D Surround
1.2. Form gọn, ôm tai, mỗi bên tai nghe 7,8g
1.3. 4 micro đàm thoại, chuẩn kháng nước IPX7
1.4. Pin lớn, dùng lâu, hỗ trợ nạp dung lượng tốc độ cao
1.5. Kết nối Bluetooth 5.3, điều khiển qua app EarFun
2. Mua tai nghe Bluetooth EarFun Open Jump model đen, mới tại CellphoneS
Tai nghe Bluetooth EarFun Open Jump - Đắm chìm trong từng nhịp âm thanh
EarFun Open Jump là tai nghe không dây, mang đến trải nghiệm âm nhạc trọn vẹn từng nhịp điệu cho người dùng. Với thiết kế hiện đại và tinh tế, tai nghe EarFun là lựa chọn lý tưởng để tận hưởng âm thanh đỉnh cao.
Âm thanh Hi-Res, âm vòm 3D Surround
Tai nghe Bluetooth EarFun Open Jump sở hữu chứng nhận Hi-Res Audio, mang đến âm thanh chất lượng, có độ phân giải cao. Chính vì vậy, người dùng có thể tận hưởng âm thanh trọn vẹn ở mọi dải tần, từ trầm sâu lắng đến cao bay bổng.
Công nghệ âm thanh 3D Surround
Song song đó, công nghệ âm thanh vòm 3D Surround được tích hợp cũng mở ra không gian nghe sống động, nơi âm thanh lan tỏa tự nhiên từ mọi hướng. Người dùng như được hòa vào thế giới âm thanh đa chiều, cảm nhận rõ vị trí và chiều sâu của từng lớp âm.
Form gọn, ôm tai, mỗi bên tai nghe 7,8g
EarFun Open Jump đen mang phong cách tối giản với thiết kế mềm mại, ôm sát vành tai, giúp cố định tại một chỗ ngay cả khi vận động mạnh. Kiểu dáng mở cho phép người dùng nghe nhạc mà vẫn nhận biết âm thanh xung quanh, duy trì sự tỉnh táo và giữ sự tập trung khi di chuyển. 
Thiết kế ôm vành tai, hạn chế xê dịch khi vận động
Với trọng lượng chỉ 7,8g mỗi bên, tai nghe Bluetooth EarFun Open Jump không gây nặng nề khi đeo, mang lại sự thoải mái cho người dùng trong từng chuyển động. Thiết bị còn được trang bị màng loa composite len 14,2mm, giúp truyền tải âm thanh mộc mạc và giàu cảm xúc.
4 micro đàm thoại, chuẩn kháng nước IPX7
EarFun Open Jump được trang bị 4 mic kết hợp cùng thuật toán AI ENC tiên tiến, giúp nhận diện và lọc bỏ tạp âm xung quanh hiệu quả. Vì vậy, dù đang ở khu vực đông đúc và ồn ào, giọng nói của người dùng vẫn được truyền đi rõ ràng, trong trẻo như đang trò chuyện trực tiếp.
4 mic đàm thoại thu giọng chi tiết, ít tạp âm
Sở hữu kháng nước chuẩn IPX7 cùng công nghệ SweatShield, thiết bị hoạt động ổn định dù người dùng đi dưới trời mưa hay đổ mồ hôi lúc luyện tập. Tuy nhiên, để kéo dài tuổi thọ sản phẩm, người dùng nên hạn chế để tai nghe Bluetooth EarFun Open Jump tiếp xúc với nước trong thời gian dài.
Pin lớn, dùng lâu, hỗ trợ nạp dung lượng tốc độ cao
Tai nghe có dung lượng pin 60mAh mỗi bên và 550mAh cho hộp sạc, mang đến thời gian sử dụng bền bỉ. Khi tắt LDAC, thiết bị cho phép nghe nhạc liên tục lên đến 11 giờ và 42 giờ khi kết hợp với hộp sạc. Ở chế độ bật LDAC, thời lượng sử dụng thiết bị vẫn ấn tượng với 8 giờ và 30,5 giờ khi dùng cùng hộp sạc.
42 giờ nghe nhạc khi dùng kèm hộp sạc
Trong thực tế, thời lượng pin có thể có sự chênh lệch tùy vào mức âm lượng và nội dung phát. Do đó, tùy thuộc vào cách sử dụng của người dùng, tai nghe Bluetooth EarFun Open Jump sẽ cho thời gian trải nghiệm nghe nhạc khác nhau.
Không chỉ mạnh về pin, thiết bị còn đi kèm sạc nhanh có dây và không dây. Tai nghe chỉ mất 1 giờ để sạc đầy, trong khi hộp sạc hoàn tất nạp năng lượng trong 2 giờ qua cổng USB-C hoặc 3,5 giờ khi sạc không dây. Âm nhạc sẵn sàng trở lại chỉ sau một thời gian ngắn.
Kết nối Bluetooth 5.3, điều khiển qua app EarFun
EarFun Open Jump sử dụng Bluetooth 5.3, mang lại kết nối ổn định và truyền âm nhanh chóng. Với độ trễ dưới 50ms, người dùng có thể xem video hay chơi game mà âm thanh luôn khớp hoàn hảo. Ngoài ra, Google Fast Pair cũng giúp quá trình ghép nối tai nghe Bluetooth EarFun Open Jump diễn ra tức thì.
Tùy chỉnh tai nghe qua app EarFun
Hơn thế nữa, ứng dụng EarFun còn mang đến sự chủ động cho người dùng trong quá trình sử dụng tai nghe. Người dùng có thể tùy chỉnh EQ để định hình âm thanh theo sở thích bằng thao tác chuyển bài, chỉnh âm lượng hay đổi chế độ nghe nhanh chóng. 
Mua tai nghe Bluetooth EarFun Open Jump model đen, mới tại CellphoneS
Tai nghe Bluetooth EarFun Open Jump đen nguyên seal đang được lên kệ tại cửa hàng CellphoneS với mức giá cực tốt. Tại đây, khách hàng có thể sở hữu ngay sản phẩm chuẩn hãng mà không tốn nhiều thời gian. Thêm vào đó, chính sách bảo hành minh bạch và đổi trả linh hoạt mang đến sự yên tâm cho khách hàng. Khách hàng có thể mua tai nghe EarFun trực tuyến để nhận hàng ngay tại nhà nhanh chóng.","{""Công nghệ âm thanh"": [{""name"": ""Công nghệ âm thanh"", ""value"": ""Hi-Res Audio\n3D surround""}, {""name"": ""Micro"", ""value"": ""Có""}, {""name"": ""Loa"", ""value"": ""Driver: 14.2 mm""}, {""name"": ""Tính năng"", ""value"": ""Chống ồn, Điều khiển giọng nói, Có mic đàm thoại, Sạc không dây, Chống nước""}], ""Khả năng kết nối"": [{""name"": ""Số thiết bị kết nối cùng lúc"", ""value"": ""2""}, {""name"": ""Kết nối"", ""value"": ""Không dây""}, {""name"": ""Bluetooth"", ""value"": ""5.3""}, {""name"": ""Ứng dụng kết nối"", ""value"": ""EarFun Audio App""}, {""name"": ""Phạm vi kết nối cho phép"", ""value"": ""15 m""}], ""Thời lượng pin - sạc"": [{""name"": ""Dung lượng pin"", ""value"": ""Tai nghe: 60 mAh x 2\nHộp sạc: 550 mAh""}, {""name"": ""Thời lượng sử dụng Pin"", ""value"": ""Tai nghe: 11 giờ\nHộp sạc: 31 giờ (Tắt LDAC)""}, {""name"": ""Cổng sạc"", ""value"": ""Type-C""}, {""name"": ""Thời gian sạc"", ""value"": ""Tai nghe: 1 giờ\nHộp sạc (cổng USB-C): 2 giờ\nHộp sạc (Không dây): 3.5 giờ""}], ""Điều khiển"": [{""name"": ""Phương thức điều khiển"", ""value"": ""Cảm ứng chạm""}], ""Tính năng - Tiện ích khác"": [{""name"": ""Tính năng khác"", ""value"": ""Chống ồn môi trường ENC\nKháng nước: IPX7""}], ""Thông tin hãng"": [{""name"": ""Hãng sản xuất"", ""value"": ""EarFun""}]}","[""https://cdn2.cellphones.com.vn/x/media/catalog/product/t/a/tai-nghe-bluetooth-earfun-open-jump_13_.png"", ""https://cdn2.cellphones.com.vn/x/media/catalog/product/t/a/tai-nghe-bluetooth-earfun-open-jump_2_.png"", ""https://cdn2.cellphones.com.vn/x/media/catalog/product/t/a/tai-nghe-bluetooth-earfun-open-jump_4_.png"", ""https://cdn2.cellphones.com.vn/x/media/catalog/product/t/a/tai-nghe-bluetooth-earfun-open-jump_3_.png"", ""https://cdn2.cellphones.com.vn/x/media/catalog/product/t/a/tai-nghe-bluetooth-earfun-open-jump_5_.png"", ""https://cdn2.cellphones.com.vn/x/media/catalog/product/t/a/tai-nghe-bluetooth-earfun-open-jump_6_.png"", ""https://cdn2.cellphones.com.vn/x/media/catalog/product/t/a/tai-nghe-bluetooth-earfun-open-jump_7_.png"", ""https://cdn2.cellphones.com.vn/x/media/catalog/product/t/a/tai-nghe-bluetooth-earfun-open-jump_8_.png"", ""https://cdn2.cellphones.com.vn/x/media/catalog/product/t/a/tai-nghe-bluetooth-earfun-open-jump_9_.png"", ""https://cdn2.cellphones.com.vn/x/media/catalog/product/t/a/tai-nghe-bluetooth-earfun-open-jump_10_.png"", ""https://cdn2.cellphones.com.vn/x/media/catalog/product/t/a/tai-nghe-bluetooth-earfun-open-jump_11_.png"", ""https://cdn2.cellphones.com.vn/x/media/catalog/product/t/a/tai-nghe-bluetooth-earfun-open-jump_12_.png""]","{""product_color_1"": {""color"": ""Đen"", ""image_url"": ""https://cdn2.cellphones.com.vn/insecure/rs:fill:50:50/q:90/plain/https://cellphones.com.vn/media/catalog/product/t/a/tai-nghe-bluetooth-earfun-open-jump_2__1.png"", ""image_url_display"": ""https://cellphones.com.vn/media/catalog/product/t/a/tai-nghe-bluetooth-earfun-open-jump_2__1.png"", ""product_url"": ""https://cellphones.com.vn/tai-nghe-bluetooth-earfun-open-jump.html?product_id=115859"", ""price"": ""1.390.000₫""}}"
Tai nghe Bluetooth True Wireless EarFun Wave Pro,tai-nghe-chup-tai-earfun-wave-pro,1.990.000đ,1.290.000đ,"Đặc điểm nổi bật
Tai nghe chụp tai Earfun Wave Pro sở hữu hệ thống chống ồn chủ động (ANC) 45dB, giúp giảm tiếng ồn xung quanh, mang lại trải nghiệm nghe nhạc yên tĩnh. Với công nghệ âm thanh Hi-Res, Earfun Wave Pro có thể dễ dàng tái tạo âm thanh trung thực, phù hợp ngay cả với người yêu nhạc khó tính. Ngoài ra, thời lượng pin của tai nghe Earfun còn đạt tới 80h, cùng tính năng sạc nhanh cho phép sử dụng lâu dài mà không cần lo lắng về việc sạc pin thường xuyên.
Nội dung chính
1. Tai nghe chụp tai Earfun Wave Pro - Kiểu dáng năng động, chất âm lôi cuốn
1.1. Chất lượng âm thanh chân thực, sống động với công nghệ xử lý hiện đại
1.2. Thiết kế linh hoạt, êm ái với đệm tai chất lượng cao
1.3. Thời lượng sử dụng suốt nhiều giờ liền cùng tính năng sạc nhanh ấn tượng
1.4. Kết nối đa điểm, hỗ trợ chuyển đổi một cách dễ dàng giữa các thiết bị
2. Mua tai nghe chụp tai Earfun Wave Pro tại CellphoneS
Tai nghe chụp tai Earfun Wave Pro - Kiểu dáng năng động, chất âm lôi cuốn
Tai nghe chụp tai Earfun Wave Pro là mẫu tai nghe cao cấp được trang bị nhiều công nghệ tiên tiến đang rất được săn đón trên thị trường âm thanh hiện nay. Sở hữu thiết kế nhẹ nhàng, êm ái, kết hợp với các tính năng nổi trội như chống ồn hiệu quả, Earfun Wave Pro hứa hẹn sẽ mang lại trải nghiệm sử dụng tuyệt vời. 
Chất lượng âm thanh chân thực, sống động với công nghệ xử lý hiện đại
Earfun Wave Pro không chỉ nổi bật với công suất mạnh mẽ mà còn được tích hợp kèm các công nghệ âm thanh hiện đại. Cụ thể, với loa động DLC 40mm, mẫu tai nghe Earfun này mang lại âm trầm sâu lắng và âm bổng rõ ràng. Khi kết hợp cùng với công nghệ LDAC, Earfun Wave Pro cho phép truyền tải dữ liệu âm thanh nhanh gấp ba lần so với các codec Bluetooth tiêu chuẩn. Thông qua đó, nó đảm bảo âm thanh qua xử lý của tai nghe Earfun này sẽ không nén và giữ nguyên độ chi tiết và độ sâu của bản gốc. 
Chưa hết, Earfun Wave Pro còn sở hữu chứng nhận Hi-Res Audio giúp tái tạo âm thanh chân thực, đặc biệt quan trọng với những ai yêu thích âm nhạc chất lượng cao. Đồng thời, hệ thống chống ồn chủ động (ANC) cũng lên đến 45dB, giúp loại bỏ tiếng ồn từ môi trường xung quanh, đảm bảo bạn có thể tận hưởng âm nhạc yên tĩnh và chi tiết trong mọi hoàn cảnh.
Thiết kế linh hoạt, êm ái với đệm tai chất lượng cao
Earfun Wave Pro gây ấn tượng với thiết kế nhẹ nhàng và tinh tế, mang lại cảm giác thoải mái ngay cả khi sử dụng trong thời gian dài. Theo đó, mẫu tai nghe được làm từ chất liệu cao cấp, có đệm tai êm ái và khung đầu điều chỉnh linh hoạt, giúp phù hợp với mọi kích cỡ đầu. Với thiết kế này, người dùng có thể đeo tai nghe trong nhiều giờ liền mà không gặp phải cảm giác đau hay mỏi.
Thời lượng sử dụng suốt nhiều giờ liền cùng tính năng sạc nhanh ấn tượng
Một trong những điểm mạnh vượt trội của Earfun Wave Pro chính là thời lượng pin ấn tượng, có thể kéo dài tới 80 giờ sử dụng. Điều này đồng nghĩa với việc người dùng có thể thoải mái nghe nhạc, xem phim hoặc thực hiện các cuộc gọi mà không cần lo lắng về việc sạc pin thường xuyên. 
Tính năng sạc nhanh là một ưu điểm lớn, chỉ cần sạc 10 phút là có thể sử dụng thêm 10 giờ, cực kỳ tiện lợi cho những ai có lịch trình bận rộn. Ngoài ra, tai nghe còn hỗ trợ ghép nối đồng thời hai thiết bị, giúp người sử dụng chuyển đổi dễ dàng giữa các nguồn âm thanh mà không cần phải ngắt kết nối.
Kết nối đa điểm, hỗ trợ chuyển đổi một cách dễ dàng giữa các thiết bị
Earfun Wave Pro nổi bật với khả năng ghép nối đa điểm, cho phép người sử dụng dễ dàng chuyển đổi giữa hai thiết bị mà không phải ngắt kết nối thủ công. Tính năng này cực kỳ tiện lợi cho những người thường xuyên sử dụng nhiều thiết bị cùng lúc, chẳng hạn như điện thoại và laptop. 
Chưa dừng lại ở đó, tai nghe chụp tai Earfun Wave Pro còn hỗ trợ Bluetooth 5.0, đảm bảo kết nối ổn định và phạm vi kết nối rộng. Điều này giúp bạn duy trì kết nối liền mạch ngay cả khi di chuyển trong không gian rộng lớn, tránh tình trạng mất tín hiệu hoặc gián đoạn âm thanh.
Mua tai nghe chụp tai Earfun Wave Pro tại CellphoneS
Để sở hữu mẫu tai nghe chụp tai Earfun Wave Pro thì điểm đến đáng tin cậy trên thị trường Việt mà bạn nên ghé qua chính là cửa hàng CellphoneS. Đến với CellphoneS, bạn sẽ được giới thiệu nhiều sản phẩm công nghệ từ các thương hiệu uy tín, đảm bảo chất lượng và nguồn gốc rõ ràng. Bên cạnh đó, đội ngũ nhân viên chuyên nghiệp, nhiệt tình tại CellphoneS cũng sẽ giúp bạn tìm hiểu và dễ dàng lựa chọn được sản phẩm phù hợp. Ngoài ra, CellphoneS còn có nhiều chương trình khuyến mãi hấp dẫn, giúp bạn tiết kiệm chi phí mà vẫn sở hữu sản phẩm chất lượng cao.","{""Công nghệ âm thanh"": [{""name"": ""Công nghệ âm thanh"", ""value"": ""Chống ồn chủ động ANC\nÂm thanh Hi-res\nCông nghệ LDAC""}, {""name"": ""Micro"", ""value"": ""Có (5 mic)""}], ""Khả năng kết nối"": [{""name"": ""Số thiết bị kết nối cùng lúc"", ""value"": ""2 thiết bị""}, {""name"": ""Bluetooth"", ""value"": ""Có""}, {""name"": ""Ứng dụng kết nối"", ""value"": ""EarFun Audio""}], ""Thời lượng pin - sạc"": [{""name"": ""Dung lượng pin"", ""value"": ""Bật ANC: 55 giờ\nTắt ANC: 80 giờ""}, {""name"": ""Cổng sạc"", ""value"": ""Type C""}, {""name"": ""Thời gian sạc"", ""value"": ""2 giờ""}], ""Điều khiển"": [{""name"": ""Phương thức điều khiển"", ""value"": ""Cảm ứng chạm""}], ""Tính năng - Tiện ích khác"": [{""name"": ""Tính năng khác"", ""value"": ""Sạc nhanh<""}], ""Kích thước & Trọng lượng"": [{""name"": ""Kích thước"", ""value"": ""159.7mm x 82.4mm x 210.8mm""}, {""name"": ""Trọng lượng"", ""value"": ""268g""}], ""Kết nối & Điều khiển"": [{""name"": ""Phạm vi kết nối"", ""value"": ""15m""}], ""Thông tin hãng"": [{""name"": ""Hãng sản xuất"", ""value"": ""EarFun""}]}","[""https://cdn2.cellphones.com.vn/x/media/catalog/product/t/a/tai-nghe-chup-tai-earfun-wave-pro_6_.png"", ""https://cdn2.cellphones.com.vn/x/media/catalog/product/t/a/tai-nghe-chup-tai-earfun-wave-pro.png"", ""https://cdn2.cellphones.com.vn/x/media/catalog/product/t/a/tai-nghe-chup-tai-earfun-wave-pro_4_.png"", ""https://cdn2.cellphones.com.vn/x/media/catalog/product/t/a/tai-nghe-chup-tai-earfun-wave-pro_5_.png"", ""https://cdn2.cellphones.com.vn/x/media/catalog/product/t/a/tai-nghe-chup-tai-earfun-wave-pro_3_.png"", ""https://cdn2.cellphones.com.vn/x/media/catalog/product/t/a/tai-nghe-chup-tai-earfun-wave-pro_2_.png"", ""https://cdn2.cellphones.com.vn/x/media/catalog/product/t/a/tai-nghe-chup-tai-earfun-wave-pro_7_.png"", ""https://cdn2.cellphones.com.vn/x/media/catalog/product/t/a/tai-nghe-chup-tai-earfun-wave-pro_8_.png"", ""https://cdn2.cellphones.com.vn/x/media/catalog/product/t/a/tai-nghe-chup-tai-earfun-wave-pro_9_.png""]","{""product_color_1"": {""color"": ""Đen"", ""image_url"": ""https://cdn2.cellphones.com.vn/insecure/rs:fill:50:50/q:90/plain/https://cellphones.com.vn/media/catalog/product/t/a/tai-nghe-chup-tai-earfun-wave-pro_1.png"", ""image_url_display"": ""https://cellphones.com.vn/media/catalog/product/t/a/tai-nghe-chup-tai-earfun-wave-pro_1.png"", ""product_url"": ""https://cellphones.com.vn/tai-nghe-chup-tai-earfun-wave-pro.html?product_id=86427"", ""price"": ""1.290.000₫""}}"
Tai nghe Bluetooth EarFun Air 2 NC,tai-nghe-bluetooth-earfun-air-2-nc,1.490.000đ,990.000đ,"Đặc điểm nổi bật
Tai nghe Bluetooth Earfun Air 2 NC trang bị màng loa Wool Composite Dynamic 11mm, công nghệ QuietSmart 2.0 cùng 6 micro mang đến khả năng chống ồn hiệu quả. Kết nối Bluetooth 5.3 ổn định với dung lượng pin bền bỉ giúp tận hưởng âm nhạc trọn vẹn. Với những ưu điểm trên, sản phẩm tai nghe Earfun hứa hẹn mang đến trải nghiệm tối ưu và xuyên suốt cho người dùng.
Nội dung chính
1. Tai nghe Bluetooth Earfun Air 2 NC – Âm thanh sống động, chống ồn vượt trội
1.1. Công nghệ âm thanh vòm 3D sống động với màng loa cao cấp
1.2. Thiết kế tinh gọn giúp người dùng đeo lâu mà không cảm thấy nặng hay bất tiện
1.3. Công nghệ chống ồn hiệu quả, đàm thoại rõ nét với 6 micro
1.4. Dung lượng pin cao cùng sạc nhanh hiện đại
1.5. Kết nối mượt mà và ổn định nhờ công nghệ Bluetooth 5.3
2. Mua tai nghe Bluetooth Earfun Air 2 NC chính hãng tại CellphoneS
Tai nghe Bluetooth Earfun Air 2 NC – Âm thanh sống động, chống ồn vượt trội
Tai nghe Bluetooth Earfun Air 2 NC là sự lựa chọn hoàn hảo dành cho những ai đang tìm kiếm trải nghiệm âm thanh chất lượng cao cùng khả năng chống ồn ấn tượng. Thiết kế tinh tế cùng công nghệ hiện đại giúp sản phẩm đáp ứng nhiều nhu cầu sử dụng khác nhau.
Công nghệ âm thanh vòm 3D sống động với màng loa cao cấp
Được trang bị màng loa Wool Composite Dynamic 11mm, Earfun Air 2 NC giúp tái tạo âm thanh Hi-Res với độ chính xác cao. Nhờ công nghệ này, từng nốt nhạc đều trở nên rõ ràng, có chiều sâu và giàu chi tiết, mang đến trải nghiệm nghe nhạc trọn vẹn hơn.
Bên cạnh đó, công nghệ âm thanh vòm 3D giúp mở rộng không gian âm thanh, tạo ra hiệu ứng sống động và chân thực như đang trải nghiệm trong một buổi hòa nhạc trực tiếp. Từ những bản nhạc nhẹ nhàng đến những bản EDM sôi động, sản phẩm tai nghe Bluetooth Earfun Air 2 NC này đều mang đến cảm giác chìm đắm và lôi cuốn.
Thiết kế tinh gọn giúp người dùng đeo lâu mà không cảm thấy nặng hay bất tiện
Tai nghe Earfun Air 2 NC sở hữu thiết kế in-ear công thái học, không chỉ ôm sát tai mà còn tạo cảm giác thoải mái khi sử dụng trong thời gian dài. Thiết kế nhẹ giúp người dùng đeo trong thời gian dài mà không gây cảm giác khó chịu..
Hộp sạc của tai nghe được làm từ nhựa nhám đen cao cấp, có khả năng hạn chế bám dấu vân tay và ít trầy xước, giúp duy trì vẻ ngoài sang trọng theo thời gian. Hiện tại, sản phẩm được thiết kế với hai tùy chọn màu sắc, đen và trắng, dễ dàng phù hợp với nhiều phong cách khác nhau.
Công nghệ chống ồn hiệu quả, đàm thoại rõ nét với 6 micro
Tai nghe Bluetooth Earfun Air 2 NC được tích hợp 6 micro kết hợp với thuật toán AI để nhận diện và lọc tiếng ồn trong môi trường xung quanh. Công nghệ chống ồn chủ động Hybrid giúp giảm nhiễu lên đến 43dB, hạn chế đáng kể những tạp âm từ môi trường xung quanh. Nhờ đó, người dùng có thể nghe nhạc rõ ràng hơn mà không bị tác động bởi tiếng ồn bên ngoài.
Ngoài ra, tai nghe được trang bị chuẩn kháng nước IPX5, giúp hạn chế tác động của mồ hôi và nước bắn, tăng độ bền khi sử dụng. Điều này đặc biệt hữu ích cho những ai thường xuyên tập luyện thể thao hoặc di chuyển ngoài trời, đảm bảo tai nghe luôn hoạt động ổn định trong nhiều điều kiện khác nhau.
Dung lượng pin cao cùng sạc nhanh hiện đại
Một trong những điểm nổi bật của tai nghe Bluetooth Earfun Air 2 NC chính là thời lượng pin ấn tượng. Với dung lượng 40mAh trên mỗi tai nghe và 400mAh trong hộp sạc giúp đáp ứng nhu cầu nghe nhạc, đàm thoại hay giải trí trong nhiều ngày liền. 
Đặc biệt, tai nghe hỗ trợ tính năng sạc nhanh cho phép sử dụng nhiều giờ liền, rất tiện lợi cho những người có lịch trình bận rộn. Đây là giải pháp phù hợp cho những ai cần tai nghe luôn sẵn sàng cho công việc và giải trí.
Kết nối mượt mà và ổn định nhờ công nghệ Bluetooth 5.3
Tai nghe Bluetooth Earfun Air 2 NC sử dụng chuẩn kết nối Bluetooth 5.3, giúp tương thích nhanh chóng với nhiều thiết bị như điện thoại, laptop, máy tính bảng mà không bị gián đoạn. Bên cạnh đó, việc hỗ trợ codec LDAC, AAC, SBC giúp truyền tải âm thanh chất lượng cao mà vẫn đảm bảo tiết kiệm điện năng.
Ngoài ra, công nghệ Bluetooth 5.3 cũng giúp giảm độ trễ đáng kể, mang lại trải nghiệm mượt mà khi xem phim, chơi game hay tham gia các cuộc gọi video. Dù đang làm việc, thư giãn hay giải trí, thiết bị này luôn đảm bảo kết nối ổn định để bạn tận hưởng âm thanh liền mạch mà không bị gián đoạn.
Mua tai nghe Bluetooth Earfun Air 2 NC chính hãng tại CellphoneS
Với những người tìm kiếm Tai nghe Bluetooth Earfun Air 2 NC chất lượng thì CellphoneS là lựa chọn lý tưởng. Với mạng lưới cửa hàng rộng khắp, dịch vụ chuyên nghiệp và chính sách hậu mãi, CellphoneS mang đến trải nghiệm mua sắm đáng tin cậy.
Ngoài ra, CellphoneS cung cấp chính sách thu cũ đổi mới cùng tùy chọn trả góp linh hoạt, giúp khách hàng nâng cấp thiết bị dễ dàng hơn. Đồng thời, nhiều ưu đãi hấp dẫn cũng được triển khai, đảm bảo mức giá cạnh tranh và lợi ích tối đa khi mua sắm.","{""Kích thước & Trọng lượng"": [{""name"": ""Kích thước"", ""value"": ""62.1 x 47.5 x 25 mm""}, {""name"": ""Trọng lượng"", ""value"": ""48 g""}], ""Công nghệ âm thanh"": [{""name"": ""Công nghệ âm thanh"", ""value"": ""Âm thanh vòm 3D""}, {""name"": ""Micro"", ""value"": ""Có (6 mic AI)""}, {""name"": ""Loa"", ""value"": ""Driver động 11mm""}, {""name"": ""Tính năng"", ""value"": ""Chống ồn, Điều khiển giọng nói, Có mic đàm thoại, Sạc không dây""}], ""Khả năng kết nối"": [{""name"": ""Số thiết bị kết nối cùng lúc"", ""value"": ""2""}, {""name"": ""Bluetooth"", ""value"": ""5.3""}, {""name"": ""Ứng dụng kết nối"", ""value"": ""EarFun Audio App""}, {""name"": ""Phạm vi kết nối cho phép"", ""value"": ""15 m""}], ""Thời lượng pin - sạc"": [{""name"": ""Dung lượng pin"", ""value"": ""Tai nghe: 40mAh x 2\nHộp sạc: 400mAh""}, {""name"": ""Thời lượng sử dụng Pin"", ""value"": ""Tai nghe: 9 giờ\nHộp sạc: 31 giờ (Tắt ANC)""}, {""name"": ""Cổng sạc"", ""value"": ""Type C""}, {""name"": ""Thời gian sạc"", ""value"": ""Tai nghe: 1.5 giờ\nHộp sạc (cổng USB-C): 2 giờ\nHộp sạc (Không dây): 3.5 giờ""}], ""Điều khiển"": [{""name"": ""Phương thức điều khiển"", ""value"": ""Cảm ứng chạm""}], ""Tính năng - Tiện ích khác"": [{""name"": ""Tính năng khác"", ""value"": ""Hỗ trợ Google Fast Pair\nChuyển đổi liền mạch giữa hai thiết bị\nĐộ trễ thấp, tối ưu hóa trải nghiệm game & video""}], ""Thông tin hãng"": [{""name"": ""Hãng sản xuất"", ""value"": ""EarFun""}]}","[""https://cdn2.cellphones.com.vn/x/media/catalog/product/e/a/earfun-air-2-nc-7.jpg"", ""https://cdn2.cellphones.com.vn/x/media/catalog/product/e/a/earfun-air-2-nc-6.jpg"", ""https://cdn2.cellphones.com.vn/x/media/catalog/product/e/a/earfun-air-2-nc-5.jpg"", ""https://cdn2.cellphones.com.vn/x/media/catalog/product/e/a/earfun-air-2-nc-9.jpg"", ""https://cdn2.cellphones.com.vn/x/media/catalog/product/e/a/earfun-air-2-nc-4.jpg"", ""https://cdn2.cellphones.com.vn/x/media/catalog/product/e/a/earfun-air-2-nc-8.jpg"", ""https://cdn2.cellphones.com.vn/x/media/catalog/product/e/a/earfun-air-2-nc.jpg"", ""https://cdn2.cellphones.com.vn/x/media/catalog/product/e/a/earfun-air-2-nc-2.jpg"", ""https://cdn2.cellphones.com.vn/x/media/catalog/product/e/a/earfun-air-2-nc-1.jpg""]","{""product_color_1"": {""color"": ""Đen"", ""image_url"": ""https://cdn2.cellphones.com.vn/insecure/rs:fill:50:50/q:90/plain/https://cellphones.com.vn/media/catalog/product/t/a/tai-nghe-bluetooth-earfun-air-2-nc_2__1.png"", ""image_url_display"": ""https://cellphones.com.vn/media/catalog/product/t/a/tai-nghe-bluetooth-earfun-air-2-nc_2__1.png"", ""product_url"": ""https://cellphones.com.vn/tai-nghe-bluetooth-earfun-air-2-nc.html?product_id=102345"", ""price"": ""990.000₫""}}"
Tai nghe Bluetooth chụp tai EarFun Tune Pro,tai-nghe-chup-tai-earfun-tune-pro,1.590.000đ,990.000đ,"Đặc điểm nổi bật
Tai nghe chụp tai Earfun Tune Pro được đánh giá cao nhờ sở hữu Driver kép 40 mm và 10 mm, giúp âm thanh chi tiết như trải nghiệm tại Live Concert. Chuẩn Bluetooth 5.4 giúp tai nghe đảm bảo tín hiệu ổn định cùng thời lượng pin vượt trội. Tai nghe còn sở hữu công nghệ ANC QuietSmart 2.0 giảm ồn tới 45dB, mang lại không gian nghe nhạc thoải mái.
Nội dung chính
1. Tai nghe chụp tai Earfun Tune Pro - Chất âm sôi động, kiểu dáng hiện đại
1.1. Màng loa hiện đại, giúp tái tạo âm thanh chi tiết
1.2. Bluetooth 5.4 giúp tiết kiệm pin và ổn định kết nối
1.3. Hỗ trợ kết nối đa điểm (Multipoint)
1.4. Chống ồn chủ động (ANC) lên tới 45dB
2. Mua ngay tai nghe chụp tai Earfun Tune Pro chính hãng tại CellphoneS
Tai nghe chụp tai Earfun Tune Pro - Chất âm sôi động, kiểu dáng hiện đại
Tai nghe Earfun Tune Pro kết hợp giữa âm thanh sống động với thiết kế trẻ trung, năng động. Mẫu tai nghe Earfun này là sự lựa chọn phù hợp với những người dùng đòi hỏi cao về chất lượng âm thanh và sự tiện lợi trong trải nghiệm hằng ngày.
Màng loa hiện đại, giúp tái tạo âm thanh chi tiết
Với cấu trúc Driver chính 40mm PET Film kết hợp LCP Diaphragm và Driver phụ 10mm LCP Diaphragm, tai nghe chụp tai Earfun Tune Pro cung cấp âm thanh chi tiết ở mọi dải tần. Với driver 40mm, sản phẩm dễ dàng thể hiện những âm trầm sâu lắng, có lực nhưng vẫn mượt mà, không bị lấn át hay vỡ tiếng. 
Đồng thời, driver 10mm sở hữu màng loa LCP của tai nghe cũng mang đến âm trung tự nhiên, rõ nét, giọng hát của ca sĩ hay âm thanh của nhạc cụ được tái tạo chân thực hơn. Đặc biệt, khi sử dụng kết nối AUX 3.5mm, Earfun Tune Pro đáp ứng tiêu chuẩn âm thanh Hi-Res Audio, đạt đến chất lượng cao cấp, vượt xa trải nghiệm nghe nhạc thông thường. 
Người dùng sẽ cảm nhận rõ sự khác biệt khi nghe nhạc lossless, các chi tiết nhỏ trong bản nhạc hiện lên rõ ràng, sống động như khi thưởng thức trực tiếp buổi biểu diễn. Với sự kết hợp tối ưu giữa 2 driver chuyên biệt, tai nghe đem đến trải nghiệm nghe nhạc giàu cảm xúc và đầy thuyết phục, đáp ứng tốt các thể loại âm nhạc từ nhẹ nhàng tới mạnh mẽ.
Bluetooth 5.4 giúp tiết kiệm pin và ổn định kết nối
Về khả năng kết nối không dây, tai nghe chụp tai Earfun Tune Pro không làm người dùng thất vọng khi được tích hợp kèm chuẩn Bluetooth 5.4 mới. Thế hệ Bluetooth cao cấp này giúp cải thiện đáng kể độ ổn định tín hiệu và giảm thiểu tối đa tình trạng mất kết nối trong quá trình sử dụng. 
Thông qua đó, thời gian sử dụng tai nghe cũng được kéo dài đáng kể do tối ưu hóa hiệu quả năng lượng, giúp người dùng yên tâm hơn khi nghe nhạc hay làm việc từ xa. Không chỉ vậy, Bluetooth 5.4 còn hỗ trợ kết nối nhanh chóng, độ trễ thấp, đáp ứng tốt nhu cầu chơi game hay xem phim giải trí của người dùng hiện nay.
Hỗ trợ kết nối đa điểm (Multipoint)
Một tính năng được nhiều người dùng quan tâm hiện nay là khả năng kết nối đồng thời với nhiều thiết bị, và tai nghe chụp tai Earfun Tune Pro đã giải quyết tốt nhu cầu này. Với công nghệ kết nối đa điểm, tai nghe hỗ trợ người sử dụng kết nối cùng lúc 2 thiết bị, giúp dễ dàng chuyển đổi giữa công việc và giải trí mà không cần phải ngắt kết nối liên tục. 
Ngoài ra, thông qua app EarFun Audio, người dùng có thể tùy chỉnh sâu sắc chất âm với 30 cấu hình EQ khác nhau và tính năng tạo Sound ID cá nhân dựa trên đặc điểm thính giác. Nhờ vậy, trải nghiệm âm thanh trở nên cá nhân hóa hơn, đáp ứng tốt các sở thích âm nhạc đa dạng từ phía người tiêu dùng.
Chống ồn chủ động (ANC) lên tới 45dB
Để có trải nghiệm nghe nhạc thoải mái trong mọi không gian, tai nghe chụp tai Earfun Tune Pro trang bị công nghệ chống ồn chủ động QuietSmart 2.0 Hybrid ANC lên tới 45dB. Ưu điểm này giúp giảm thiểu rõ rệt âm thanh nhiễu từ môi trường như tiếng xe, tiếng trò chuyện, mang đến không gian nghe nhạc riêng tư hơn ngay cả trong môi trường ồn ào. 
Bên cạnh đó, chế độ Ambient Sound Mode của tai nghe còn cho phép người dùng vừa nghe nhạc, vừa có thể nhận biết những âm thanh quan trọng xung quanh. Nhờ vậy, mẫu tai nghe Earfun cao cấp này hứa hẹn có thể đáp ứng tốt cả hai nhu cầu vừa tận hưởng âm nhạc vừa đảm bảo an toàn và linh hoạt trong sinh hoạt hàng ngày.
Mua ngay tai nghe chụp tai Earfun Tune Pro chính hãng tại CellphoneS
Để trải nghiệm trọn vẹn chất âm từ tai nghe chụp tai Earfun Tune Pro, khách hàng có thể tham khảo thêm tại CellphoneS. Với cam kết hàng chính hãng, rõ nguồn gốc, CellphoneS mang đến sự yên tâm cho người tiêu dùng về chất lượng sản phẩm. Đồng thời, người dùng sẽ được hưởng các ưu đãi hấp dẫn về giá cùng bảo hành chu đáo. Hệ thống cửa hàng phủ rộng toàn quốc giúp người dùng dễ dàng mua sắm trực tiếp và nhận tư vấn chính xác.","{""Kích thước & Trọng lượng"": [{""name"": ""Kích thước"", ""value"": ""19.56 x 16.59 x 8.27 cm""}, {""name"": ""Trọng lượng"", ""value"": ""500g""}], ""Công nghệ âm thanh"": [{""name"": ""Công nghệ âm thanh"", ""value"": ""Chống ồn chủ động ANC\nHi-Res Audio\nTùy chỉnh EQ""}, {""name"": ""Micro"", ""value"": ""Có (4 micro + thuật toán AI)""}, {""name"": ""Loa"", ""value"": ""Driver Dynamic kép: 40mm + 10mm""}, {""name"": ""Tính năng"", ""value"": ""Chống ồn, Điều khiển giọng nói, Có mic đàm thoại""}], ""Khả năng kết nối"": [{""name"": ""Kết nối"", ""value"": ""Không dây""}, {""name"": ""Bluetooth"", ""value"": ""5.4""}, {""name"": ""Cổng kết nối"", ""value"": ""3.5mm""}, {""name"": ""Ứng dụng kết nối"", ""value"": ""EarFun Audio""}], ""Thời lượng pin - sạc"": [{""name"": ""Dung lượng pin"", ""value"": ""1100mAh""}, {""name"": ""Thời lượng sử dụng Pin"", ""value"": ""Tắt ANC: 120 giờ\nBật ANC: 80 giờ""}, {""name"": ""Cổng sạc"", ""value"": ""Type C""}, {""name"": ""Thời gian sạc"", ""value"": ""3 giờ""}, {""name"": ""Tính năng sạc"", ""value"": ""Sạc nhanh 10 phút sử dụng 15 giờ""}], ""Điều khiển"": [{""name"": ""Phương thức điều khiển"", ""value"": ""Cảm ứng chạm""}], ""Tính năng - Tiện ích khác"": [{""name"": ""Tính năng khác"", ""value"": ""Độ trễ 0.055s\nTính năng kết nối đa điểm""}], ""Thông tin hãng"": [{""name"": ""Hãng sản xuất"", ""value"": ""EarFun""}]}","[""https://cdn2.cellphones.com.vn/x/media/catalog/product/e/a/earfun-tune-pro-4.jpg"", ""https://cdn2.cellphones.com.vn/x/media/catalog/product/e/a/earfun-tune-pro-9.jpg"", ""https://cdn2.cellphones.com.vn/x/media/catalog/product/e/a/earfun-tune-pro-8.jpg"", ""https://cdn2.cellphones.com.vn/x/media/catalog/product/e/a/earfun-tune-pro-10.jpg"", ""https://cdn2.cellphones.com.vn/x/media/catalog/product/e/a/earfun-tune-pro-7.jpg"", ""https://cdn2.cellphones.com.vn/x/media/catalog/product/e/a/earfun-tune-pro-11.jpg"", ""https://cdn2.cellphones.com.vn/x/media/catalog/product/e/a/earfun-tune-pro.jpg"", ""https://cdn2.cellphones.com.vn/x/media/catalog/product/e/a/earfun-tune-pro-1.jpg"", ""https://cdn2.cellphones.com.vn/x/media/catalog/product/e/a/earfun-tune-pro-2.jpg"", ""https://cdn2.cellphones.com.vn/x/media/catalog/product/e/a/earfun-tune-pro-3.jpg""]","{""product_color_1"": {""color"": ""Đen"", ""image_url"": ""https://cdn2.cellphones.com.vn/insecure/rs:fill:50:50/q:90/plain/https://cellphones.com.vn/media/catalog/product/t/a/tai-nghe-chup-tai-earfun-tune-pro_8__1.png"", ""image_url_display"": ""https://cellphones.com.vn/media/catalog/product/t/a/tai-nghe-chup-tai-earfun-tune-pro_8__1.png"", ""product_url"": ""https://cellphones.com.vn/tai-nghe-chup-tai-earfun-tune-pro.html?product_id=103905"", ""price"": ""990.000₫""}}"
Tai nghe Bluetooth chụp tai EarFun Wave Life,tai-nghe-chup-tai-earfun-wave-life,1.490.000đ,950.000đ,"Đặc điểm nổi bật
Tai nghe chụp tai EarFun Wave Life cung cấp âm thanh phân giải chuẩn Hi-Res với trình điều khiển composite 40mm, cùng công nghệ ANC giảm tiếng ồn. Mẫu tai nghe chụp tai này còn tích hợp 4 micro sử dụng thuật toán AI. Thêm vào đó, phiên bản này còn có khả năng kết nối Bluetooth 5.4 và tương thích với USB.
Nội dung chính
1. Vì sao nên mua tai nghe chụp tai EarFun Wave Life?
2. Tai nghe chụp tai EarFun Wave Life – Nâng tầm trải nghiệm
2.1. Âm thanh Hi-Res, công nghệ ANC
2.2. Thiết kế tinh tế, kiểu dáng tinh gọn
2.3. Thuật toán AI 4 mic, lọc ồn tốt
2.4. Thời lượng pin lâu, tương thích USB
2.5. Kết nối Bluetooth 5.4, trợ lý giọng nói
3. Hướng dẫn kết nối tai nghe chụp tai Earfun Wave Life
4. Mua tai nghe chụp tai EarFun Wave Life giá tốt tại CellphoneS
Vì sao nên mua tai nghe chụp tai EarFun Wave Life?
Tai nghe chụp tai EarFun Wave Life rất xứng đáng để đồng hành trong những giây phút thư giãn cùng âm nhạc. Theo đó, phiên bản tai nghe EarFun này được hoàn thiện với loạt ưu điểm tuyệt vời:
Thiết kế gọn gàng, vừa vặn: Cho người dùng đeo thoải mái, êm ái trong nhiều giờ.
Âm thanh chuẩn Hi-Res: Cung cấp âm thanh phân giải cao, sống động với chất lượng vượt trội.
Công nghệ Bluetooth 5.4: Hỗ trợ truyền tải âm thanh liền mạch, giảm độ trễ khi kết nối.
Bộ 4 micro chống ồn AI: Giúp đàm thoại rõ ràng, hạn chế tiếng ồn xung quanh khi nghe gọi.
Thời lượng pin lên đến 60 giờ: Cho phép nghe nhạc trong nhiều giờ, thích hợp để sử dụng trong những chuyến đi.
Tai nghe chụp tai EarFun Wave Life – Nâng tầm trải nghiệm
Tai nghe chụp tai EarFun Wave Life là thiết bị âm thanh giúp người dùng tận hưởng âm nhạc theo cách riêng biệt và đầy phong cách. Qua các đặc điểm tiên tiến, chiếc tai nghe EarFun này có thể hỗ trợ công việc và thư giãn hiệu quả.
Âm thanh Hi-Res, công nghệ ANC
Tai nghe chụp tai EarFun Wave Life có khả năng tái tạo âm thanh đạt chuẩn Hi-Res Audio với độ phân giải cao. Phiên bản cho phép người dùng cảm nhận được từng chi tiết nhỏ trong bản nhạc một cách trung thực và đầy cảm xúc. Bên cạnh đó, tai nghe sử dụng trình điều khiển composite 40mm tái tạo âm thanh rõ nét, tạo nên không gian âm nhạc sống động.
Thiết bị còn tích hợp công nghệ ANC chống ồn chủ động vượt trội, giúp loại bỏ hiệu quả các tạp âm. Với khả năng loại bỏ tiếng ồn lên đến 45dB, công nghệ này góp phần cho người dùng đắm chìm trong âm nhạc hay các cuộc gọi, mà không bị ảnh hưởng bởi âm thanh bên ngoài. 
Thiết kế tinh tế, kiểu dáng tinh gọn
Tai nghe chụp tai EarFun Wave Life sở hữu kiểu dáng chụp tai full-size với phần đệm tai mềm mại, đem lại sự thoải mái ngay cả khi sử dụng liên tục nhiều giờ liền. Đặc biệt, thiết kế gập gọn của tai nghe giúp tối ưu không gian lưu trữ, dễ dàng cất gọn khi di chuyển. 
Thêm vào đó, màu sắc trung tính, hài hòa cùng đường nét thiết kế tinh xảo giúp thiết bị phù hợp với nhiều đối tượng sử dụng. Với chất liệu bền bỉ, mẫu tai nghe chụp tai này có thể duy trì hiệu suất và chất lượng ổn định trong thời gian dài.
Thuật toán AI 4 mic, lọc ồn tốt
Tai nghe chụp tai EarFun Wave Life được tối ưu hóa cho nhu cầu đàm thoại và hội họp trực tuyến nhờ vào hệ thống 4 micro tích hợp. Không những vậy, thuật toán AI lọc ồn thông minh đi kèm giúp nhận diện và tách biệt giọng nói của người dùng với tạp âm xung quanh. Từ đó, thiết bị có thể nâng cao độ rõ ràng trong quá trình đàm thoại.
Trong môi trường ồn ào, người dùng có thể nghe rõ giọng mà không bị lẫn với tiếng gió, tiếng người nói chuyện hay tiếng động cơ. Qua khả năng lọc ồn thông minh, tai nghe giúp nâng cao chất lượng giao tiếp, mang đến sự chuyên nghiệp trong mọi tình huống.
Thời lượng pin lâu, tương thích USB
Tai nghe chụp tai EarFun Wave Life cung cấp thời gian phát nhạc liên tục lên đến 60 giờ, không cần sạc lại thường xuyên. Nhờ vậy, người dùng có thể yên tâm khi mang theo tai nghe trong các chuyến đi xa, làm việc dài ngày.
Hơn thế nữa, thiết bị còn có khả năng tương thích với nhiều thiết bị khác nhau qua cổng USB. Qua đó, tai nghe có thể đáp ứng đa dạng nhu cầu làm việc và giải trí theo nhu cầu của người dùng.
Kết nối Bluetooth 5.4, trợ lý giọng nói
Tai nghe chụp tai EarFun Wave Life được tích hợp chuẩn kết nối Bluetooth 5.4 với tốc độ truyền tải cao, độ trễ cực thấp và duy trì kết nối ổn định trong phạm vi rộng. Ngoài ra, người dùng có thể tuỳ chỉnh cá nhân hoá tai nghe qua ứng dụng EarFun Audio. 
Bên cạnh đó, sản phẩm còn hỗ trợ trợ lý giọng nói để điều chỉnh âm lượng, chuyển bài hát hoặc gọi điện. Với tính năng kết nối đa điểm tốt, thiết bị có khả năng giảm thiểu tình trạng trễ âm khi nghe nội dung truyền phát.
Hướng dẫn kết nối tai nghe chụp tai Earfun Wave Life
Tai nghe chụp tai EarFun Wave Life cho phép người dùng thiết lập cấu hình âm thanh riêng biệt hoặc cập nhật firmware qua ứng dụng EarFun Audio. Dựa theo các bước sau, người nghe có thể kết nối với app nhanh chóng:
Bước 1: Bật nguồn và kích hoạt chế độ Bluetooth ở tai nghe.
Bước 2: Cài đặt ứng dụng EarFun Audio, tiếp tục đăng nhập và tìm kiếm tên thiết bị tai nghe tương ứng.
Bước 3: Chờ hệ thống hoàn tất kết nối, sau đó người dùng có thể sử dụng các tính năng và tuỳ chỉnh âm thanh.
***Lưu ý: Những thao tác hướng dẫn trên chỉ mang tính chất tham khảo. Người dùng có thể xem kỹ thông tin hướng dẫn về tai nghe.
Mua tai nghe chụp tai EarFun Wave Life giá tốt tại CellphoneS
Tai nghe chụp tai EarFun Wave Life là lựa chọn tối ưu với chất lượng âm thanh đỉnh cao, kèm theo các công nghệ tiên tiến. Đến chi nhánh CellphoneS ở gần khu vực và sở hữu về chiếc tai nghe EarFun chính hãng, giá rẻ. Khách hàng còn được hưởng vô vàn voucher hấp dẫn, ưu đãi với loạt chương trình giảm giá. Thiết bị sẽ được bảo hành dài hạn đi cùng các đãi ngộ giá trị khác.","{""Kích thước & Trọng lượng"": [{""name"": ""Kích thước"", ""value"": ""163.1 x 198.2 x 82.8 mm""}, {""name"": ""Trọng lượng"", ""value"": ""264g""}], ""Công nghệ âm thanh"": [{""name"": ""Công nghệ âm thanh"", ""value"": ""Chống ồn chủ động ANC\nHi-Res Audio\nTùy chỉnh EQ""}, {""name"": ""Micro"", ""value"": ""Có (4 micro + thuật toán AI)""}, {""name"": ""Loa"", ""value"": ""Màng loa: 40mm""}, {""name"": ""Tính năng"", ""value"": ""Chống ồn, Điều khiển giọng nói, Có mic đàm thoại""}], ""Khả năng kết nối"": [{""name"": ""Kết nối"", ""value"": ""Không dây""}, {""name"": ""Bluetooth"", ""value"": ""5.4""}, {""name"": ""Ứng dụng kết nối"", ""value"": ""EarFun Audio""}, {""name"": ""Phạm vi kết nối cho phép"", ""value"": ""15m""}], ""Thời lượng pin - sạc"": [{""name"": ""Dung lượng pin"", ""value"": ""500mAh""}, {""name"": ""Thời lượng sử dụng Pin"", ""value"": ""Tắt ANC: 60 giờ\nBật ANC: 37 giờ""}, {""name"": ""Cổng sạc"", ""value"": ""Type-C""}, {""name"": ""Thời gian sạc"", ""value"": ""2 giờ""}], ""Điều khiển"": [{""name"": ""Phương thức điều khiển"", ""value"": ""Cảm ứng chạm""}], ""Tính năng - Tiện ích khác"": [{""name"": ""Tính năng khác"", ""value"": ""Tính năng kết nối đa điểm""}], ""Thông tin hãng"": [{""name"": ""Hãng sản xuất"", ""value"": ""EarFun""}]}","[""https://cdn2.cellphones.com.vn/x/media/catalog/product/t/a/tai-nghe-chup-tai-earfun-wave-life_4_.png"", ""https://cdn2.cellphones.com.vn/x/media/catalog/product/t/a/tai-nghe-chup-tai-earfun-wave-life_2_.png"", ""https://cdn2.cellphones.com.vn/x/media/catalog/product/t/a/tai-nghe-chup-tai-earfun-wave-life_1_.png"", ""https://cdn2.cellphones.com.vn/x/media/catalog/product/t/a/tai-nghe-chup-tai-earfun-wave-life_3_.jpg"", ""https://cdn2.cellphones.com.vn/x/media/catalog/product/t/a/tai-nghe-chup-tai-earfun-wave-life_2_.jpg"", ""https://cdn2.cellphones.com.vn/x/media/catalog/product/t/a/tai-nghe-chup-tai-earfun-wave-life_1_.jpg"", ""https://cdn2.cellphones.com.vn/x/media/catalog/product/t/a/tai-nghe-chup-tai-earfun-wave-life_3_.png"", ""https://cdn2.cellphones.com.vn/x/media/catalog/product/t/a/tai-nghe-chup-tai-earfun-wave-life_5_.png"", ""https://cdn2.cellphones.com.vn/x/media/catalog/product/e/a/earfun-wave-life.jpg"", ""https://cdn2.cellphones.com.vn/x/media/catalog/product/e/a/earfun-wave-life-1.jpg"", ""https://cdn2.cellphones.com.vn/x/media/catalog/product/e/a/earfun-wave-life-2.jpg"", ""https://cdn2.cellphones.com.vn/x/media/catalog/product/e/a/earfun-wave-life-3.jpg""]","{""product_color_1"": {""color"": ""Trắng"", ""image_url"": ""https://cdn2.cellphones.com.vn/insecure/rs:fill:50:50/q:90/plain/https://cellphones.com.vn/media/catalog/product/t/a/tai-nghe-chup-tai-earfun-wave-life_4__1.png"", ""image_url_display"": ""https://cellphones.com.vn/media/catalog/product/t/a/tai-nghe-chup-tai-earfun-wave-life_4__1.png"", ""product_url"": ""https://cellphones.com.vn/tai-nghe-chup-tai-earfun-wave-life.html?product_id=103908"", ""price"": ""950.000₫""}, ""product_color_2"": {""color"": ""Đen"", ""image_url"": ""https://cdn2.cellphones.com.vn/insecure/rs:fill:50:50/q:90/plain/https://cellphones.com.vn/media/catalog/product/t/a/tai-nghe-chup-tai-earfun-wave-life_2__1.jpg"", ""image_url_display"": ""https://cellphones.com.vn/media/catalog/product/t/a/tai-nghe-chup-tai-earfun-wave-life_2__1.jpg"", ""product_url"": ""https://cellphones.com.vn/tai-nghe-chup-tai-earfun-wave-life.html?product_id=103909"", ""price"": ""950.000₫""}}"
