name,sku,base_price,sale_price,description,specifications,images,colors
Xiaomi Redmi Note 11S,xiaomi-redmi-note-11s,6.690.000đ,4.990.000đ,"Đặc điểm nổi bật của Xiaomi Redmi Note 11S
Xiaomi Redmi Note 11S sở hữu một thiết kế cuốn hút với các đường nét hoàn thiện tỉ mỉ. Điện thoại MI sở hữu màn hình kích thước 6.43 inch cùng độ tần số quét 90Hz mang lại các chuyển động ổn định và mượt mà. Bên trong thiết bị sẽ chạy trên con chip MediaTek Helio G96CPU cùng bộ nhớ RAM lên đến 8GB.
Nội dung chính
1. So sánh điện thoại Xiaomi Redmi Note 11S với Xiaomi Redmi Note 10S
2. Điện thoại Xiaomi Redmi Note 11S - Cấu hình toàn diện trong phân khúc
2.1. Mỏng nhẹ thời trang, màn hình 90 Hz cuốn hút
2.2. Camera chụp ảnh 108 MP chụp ảnh cao cấp
2.3. Cấu hình phù hợp cho giải trí
2.4. Pin siêu lớn cùng khả năng sạc siêu nhanh
3. Điện thoại Redmi Note 11S giá bao nhiêu? Khi nào ra mắt?
4. Mua ngay Xiaomi Redmi Note 11S chính hãng tại CellphoneS
So sánh điện thoại Xiaomi Redmi Note 11S với Xiaomi Redmi Note 10S
Điện thoại Xiaomi Redmi Note 11S là phiên bản kế nhiệm của Redmi Note 10S. Vậy cụ thể chiếc smartphone đời mới này có điểm gì giống và khác so với người tiền nhiệm.
Ngoài ra, mẫu điện thoại Remi note 14 hiện nay sở hữu pin trâu đến 5800, thiết kế mỏng nhẹ kèm trả trước 0 đồng có máy mới tại CellphoneS. Cùng mua điện thoại mới với mức giá tiết kiệm nhất ngay nhé!
Thông số
Xiaomi Redmi Note 11S
Xiaomi Redmi Note 10S
Màu sắc
Trắng, Xanh, Xám
Tím, Xám, Trắng, Xanh
Màn hình
AMOLED 6.43 inch
Tần số quét 90Hz
AMOLED 6.43 inch
Tần số quét 90Hz
Trọng lượng
179g 178.8g
CPU
MediaTek Helio G96
MediaTek Helio G95
GPU
ARM Mali-G57 MC2
ARM Mali-G76 MC4
RAM - ROM
6GB+64GB
6GB+128GB
8GB+128GB
6GB+64GB
6GB+128GB
8GB+128GB
Camera trước
16MP, f/2.4 13 MP, f/2.5
Camera sau
Camera góc rộng: 108MP, f/1.9
Camera góc siêu rộng: 8MP f/2.2FOV 118°
Camera macro: 2MP, f/2.4
Camera chân dung: 2MP, f/2.4
Camera góc rộng: 64 MP, f/1.8
Camera góc siêu rộng: 8 MP, f/2.2
Camera macro: 2 MP, f/2.4
Camera xóa phông: 2 MP, f/2.4
Dung lượng pin
5000mAh
Sạc nhanh 33W
5000mAh
Sạc nhanh 33W
Điện thoại Xiaomi Redmi Note 11S - Cấu hình toàn diện trong phân khúc
Thương hiệu Xiaomi luôn tạo ấn tượng với người dùng công nghệ với những mẫu smartphone đầy chất lượng so với mức giá. Mới đây, hãng vừa trình làng sản phẩm mới đó là Redmi Note 11S - hứa hẹn sẽ là mẫu smartphone nổi trội trong phân khúc tầm trung.
Tham khảo ngay điện thoại Redmi Note 11 Pro Plus với mức giá hấp dẫn, ưu đãi khủng được bán tại hệ thống CellphoneS.
Mỏng nhẹ thời trang, màn hình 90 Hz cuốn hút
Tiếp nối thành công từ Note 10S trước đó, Xiaomi Redmi Note 11S được thiết kế mỏng nhẹ, linh hoạt và gọn tay cầm. Phần viền máy được dát phẳng cùng với mặt lưng trơn tối giản góp phần làm nên vẻ tinh tế cho Redmi Note 11S. Nhiều tùy chọn màu sắc khác nhau cũng giúp tạo nét thời trang cuốn hút cho tổng thể máy.
Xiaomi Redmi Note 11S trang bị màn hình đáp ứng trọn vẹn giải trí như gaming hoặc xem phim thỏa thích. Màn hình Redmi Note 11S sử dụng tấm nền AMOLED và hỗ trợ tần số quét chuẩn lên đến 90 Hz cho ảnh mượt và chân thực. Đặc biệt, Xiaomi cũng trang bị chế độ đọc 3.0 giúp giảm mỏi mắt khi sử dụng liên tục.  
Cùng với đó, một mẫu điện thoại Redmi note 14 Pro Plus cũng là một trong những mẫu không nên bỏ qua trong giai đoạn này. Cùng chọn mua ngay để không bỏ qua nhiều ưu đãi sốc trong dịp sale này.
Camera chụp ảnh 108 MP chụp ảnh cao cấp
Được nâng cấp lớn so với model trước, Xiaomi Redmi Note 11S trang bị hệ thống camera bốn ống kính với camera chính đạt độ phân giải tận 108 MP cho ảnh chụp phong cảnh tuyệt nét. Ba camera còn lại giúp Redmi Note 11S thực hiện các tính năng chụp cao cấp như góc siêu rộng, chụp macro, và chụp xóa phông chiều sâu. Hệ thống camera này còn cho phép bạn quay video độ phân giải đến 4K hoặc tốc độ khung hình đến 960 fps.
Tiếp theo đó, bạn có thể khám phá ngay điện thoại Xiaomi Redmi Note 12 với thiết kế Mediatek Helio G96 kèm pin lên đến 5000mAh, cùng khám phá thêm ngay để chọn cho mình mẫu điện thoại phù hợp với nhu cầu ngay nhé!
Điện thoại Xiaomi Redmi Note 11S cũng được trang bị camera selfie 16 MP nằm trong thiết kế nốt ruồi. Camera selfie này còn được hỗ trợ tính năng làm đẹp tự động, giúp mang lại những bức ảnh bắt mắt và ảo diệu cho người dùng Redmi Note 11S.
Cấu hình phù hợp cho giải trí
Xiaomi Redmi Note 11S trang bị bộ CPU MediaTek được thiết kế tập trung vào khả năng tối ưu hiệu năng gaming, giúp bạn chiến game thỏa thích ở thiết lập đồ họa cao. Xiaomi Redmi Note 11S còn được trang bị hệ thống loa ngoài kép giúp tái tạo âm thanh lớn ở diện rộng, đưa bạn bước vào thế giới game sôi động. Chiếc máy cũng trang bị cổng 3.5mm cho các loại tai nghe có dây truyền thống.
Điện thoại Xiaomi Redmi Note 11S được trang bị bộ nớ RAM 5GB cùng với bộ nhớ trong dung lượng 64GB. Máy sẽ vận hành sẵn giao diện riêng của Xiaomi - MIUI 13 trên nền Android 11. Phương thức bảo mật chính của máy là bảo mật vân tay, với vùng cảm biến hiện diện ở phím cạnh của thân máy.
Pin siêu lớn cùng khả năng sạc siêu nhanh
Điện thoại Xiaomi Redmi Note 11S đáp ứng nhu cầu dùng điện thoại ngày dài của rất nhiều người dùng hiện nay. Chiếc máy mang trong mình viên pin chứa dung lượng pin tận 5000mAh, đảm bảo cung cấp nguồn năng lượng dài ngày để Redmi Note 11S luôn đồng hành cùng bạn trong trải nghiệm công nghệ.
Đi kèm với pin siêu lớn chính là khả năng sạc siêu nhanh. Điện thoại Xiaomi Redmi Note 11S tích hợp công nghệ sạc tốc độ cao với công suất lên đến 33W, giúp chiếc máy tiếp nạp nhanh hơn 50% pin chỉ với nửa giờ cắm sạc. Bạn sẽ có được khoảng thời gian giải trí tuyệt vời trên Xiaomi Redmi Note 11S.
Điện thoại Redmi Note 11S giá bao nhiêu? Khi nào ra mắt?
Xiaomi Redmi Note 11S dự kiến sẽ được trình làng tại thị trường các nước châu Á vào cuối tháng 1 năm 2022.
Điện thoại dự kiến có giá bán khởi điểm từ mức 6 đến 7 triệu VNĐ. Giá bán của Xiaomi Redmi Note 11S sẽ dao động tùy theo RAM - ROM.
Mua ngay Xiaomi Redmi Note 11S chính hãng tại CellphoneS
Điện thoại Redmi Note 11S hứa hẹn sẽ là sản phẩm khuấy động phân khúc smartphone trung cấp, và sẽ là chiếc điện thoại cực kỳ thu hút với giới trẻ. Hiện nay bạn đã có thể đặt trước chiếc smartphone này và nhận kèm quà hấp dẫn ngay tại hệ thống CellphoneS. Ngoài ra bạn còn có thể trải nghiệm những sản phẩm công nghệ chính hãng cao cấp khác khi đến cửa hàng CellphoneS lân cận.","{""Màn hình"": [{""name"": ""Kích thước màn hình"", ""value"": ""6.43 inches""}, {""name"": ""Công nghệ màn hình"", ""value"": ""AMOLED""}, {""name"": ""Độ phân giải màn hình"", ""value"": ""1080 x 2400 pixels (FullHD+)""}, {""name"": ""Tính năng màn hình"", ""value"": ""Tần số quét 90 Hz, 4,500,000:1, DCI-P3, 409 ppi, chế độ đọc sách giảm mỏi mắt, Màn hình Sunlight (Đảm bảo màn hình hiển thị rõ ràng dưới ánh sáng mặt trời)""}, {""name"": ""Tần số quét"", ""value"": ""90Hz""}, {""name"": ""Kiểu màn hình"", ""value"": ""Đục lỗ (Nốt ruồi)""}], ""Camera sau"": [{""name"": ""Camera sau"", ""value"": ""Camera góc rộng: 108MP, f/1.9\nCamera góc siêu rộng: 8MP f/2.2, FOV 118°\nCamera macro: 2MP, f/2.4""}, {""name"": ""Quay video"", ""value"": ""1080p 1920x1080 | 30fps\n720p 1280x720 | 30fps""}, {""name"": ""Tính năng camera"", ""value"": ""Ban đêm (Night Mode)\nAI Camera\nGoogle Lens\nSiêu cận (Macro)\nXóa phông""}], ""Camera trước"": [{""name"": ""Camera trước"", ""value"": ""16MP, f/2.4""}, {""name"": ""Quay video trước"", ""value"": ""1080p 1920x1080 | 30fps\n720p 1280x720 | 30fps""}], ""Vi xử lý & đồ họa"": [{""name"": ""Chipset"", ""value"": ""MediaTek Helio G96CPU""}, {""name"": ""GPU"", ""value"": ""ARM Mali-G57 MC2""}], ""Giao tiếp & kết nối"": [{""name"": ""Công nghệ NFC"", ""value"": ""Có""}, {""name"": ""Thẻ SIM"", ""value"": ""2 SIM (Nano-SIM)""}, {""name"": ""Hồng ngoại"", ""value"": ""Có""}, {""name"": ""Jack tai nghe 3.5"", ""value"": ""Có""}, {""name"": ""Hỗ trợ mạng"", ""value"": ""4G""}, {""name"": ""GPS"", ""value"": ""GPS L1 | Glonass G1 | BDS B1 | Galileo E1""}], ""RAM & lưu trữ"": [{""name"": ""Dung lượng RAM"", ""value"": ""8 GB""}, {""name"": ""Bộ nhớ trong"", ""value"": ""128 GB""}, {""name"": ""Khe cắm thẻ nhớ"", ""value"": ""MicroSD""}], ""Pin & công nghệ sạc"": [{""name"": ""Pin"", ""value"": ""5000mAh (typ)""}, {""name"": ""Công nghệ sạc"", ""value"": ""Sạc nhanh 33W""}, {""name"": ""Cổng sạc"", ""value"": ""USB Type-C""}], ""Tính năng khác"": [{""name"": ""Hệ điều hành"", ""value"": ""MIUI 13, Android 11""}], ""Bộ xử lý & Đồ họa"": [{""name"": ""Loại CPU"", ""value"": ""Octa-core CPU, up to 2.05GHz""}], ""Kích thước & Trọng lượng"": [{""name"": ""Kích thước"", ""value"": ""159.87 x 73.87 x 8.09mm""}, {""name"": ""Trọng lượng"", ""value"": ""179g""}], ""Thiết kế & Trọng lượng"": [{""name"": ""Chất liệu mặt lưng"", ""value"": ""Nhựa""}, {""name"": ""Chất liệu khung viền"", ""value"": ""Nhựa""}], ""Thông số khác"": [{""name"": ""Hệ thống làm mát"", ""value"": ""Công nghệ tản nhiệt LiquidCool""}, {""name"": ""Chỉ số kháng nước, bụi"", ""value"": ""Không có""}, {""name"": ""Tiện ích khác"", ""value"": ""Âm thanh Hi-Res Audio\nỨng dụng kép (Nhân bản ứng dụng)\nTối ưu game (Game Turbo)\nĐa cửa sổ (chia đôi màn hình)\nMở rộng bộ nhớ RAM\nMàn hình luôn hiển thị AOD\nChạm 2 lần sáng màn hình""}, {""name"": ""Công nghệ âm thanh"", ""value"": ""Loa kép""}], ""Tiện ích khác"": [{""name"": ""Cảm biến vân tay"", ""value"": ""Cảm biến vân tay cạnh bên""}, {""name"": ""Các loại cảm biến"", ""value"": ""Cảm biến gia tốc, Cảm biến tiệm cận, Cảm biến ánh sáng, La bàn, Con quay hồi chuyển""}, {""name"": ""Tính năng đặc biệt"", ""value"": ""Bảo mật vân tay, Nhận diện khuôn mặt""}], ""Cổng kết nối"": [{""name"": ""Wi-Fi"", ""value"": ""802.11a/b/g/n/ac""}, {""name"": ""Bluetooth"", ""value"": ""5.0""}], ""Thông tin chung"": [{""name"": ""Thời điểm ra mắt"", ""value"": ""2/2022""}]}","[""https://cdn2.cellphones.com.vn/x/media/catalog/product/f/r/frame37917-640x640_1_.png"", ""https://cdn2.cellphones.com.vn/x/media/catalog/product/n/o/note_11s-01.png"", ""https://cdn2.cellphones.com.vn/x/media/catalog/product/r/e/redmi-note-11-s-bl.jpg""]","{""product_color_1"": {""color"": ""Trắng"", ""image_url"": ""https://cellphones.com.vn/xiaomi-redmi-note-11s.html?product_id=43551"", ""price"": ""4.990.000₫""}, ""product_color_2"": {""color"": ""Xám"", ""image_url"": ""https://cellphones.com.vn/xiaomi-redmi-note-11s.html?product_id=43557"", ""price"": ""4.990.000₫""}, ""product_color_3"": {""color"": ""Xanh dương"", ""image_url"": ""https://cellphones.com.vn/xiaomi-redmi-note-11s.html?product_id=43558"", ""price"": ""4.990.000₫""}}"
Xiaomi Redmi 15 5G 8GB 256GB,dien-thoai-xiaomi-redmi-15-5g-8gb-256gb,6.690.000đ,5.990.000đ,"Đặc điểm nổi bật của Xiaomi Redmi 15 5G 8GB 256GB
Redmi 15 5G hướng tới người dùng cần smartphone pin trâu, màn hình lớn dễ nhìn và kết nối 5G ổn định. Nhóm người dùng này ưu tiên thiết bị dùng trọn ngày, vừa giải trí vừa, xử lý công việc cơ bản, đồng thời giảm số lần phải cắm sạc. Nhờ chip Snapdragon 6s Gen 3, mẫu điện thoại Redmi này cho phép xem phim, chơi game mượt mà suốt cả ngày.
Nội dung chính
1. Giới thiệu điện thoại Redmi 15 5G
2. Thông số kỹ thuật Redmi 15 5G
2.1. Bộ xử lý Snapdragon® 6s Gen 3
2.2. Bộ nhớ & RAM 8GB + 256GB
2.3. Mỏng nhẹ chỉ 8.40mm và 217g
2.4. Màn hình 6.9"" FHD+ 144Hz mượt mà
2.5. Camera sau 50MP + trước 8MP
2.6. Pin 7000mAh & Sạc 33W
2.7. Tính năng AI trên Redmi 15 5G
2.8. Hệ điều hành Xiaomi HyperOS 2
2.9. Tính năng khác
3. So sánh Redmi 15 5G với các phiên bản khác
3.1. So sánh Redmi 15 5G với Redmi 15
3.2. So sánh Redmi 15 5G và Redmi Note 15 5G
4. Trải nghiệm Redmi 15 5G chi tiết ngay
5. Có nên mua Redmi 15 5G không?
6. Mua Redmi 15 5G giá ưu đãi tại CellphoneS
Giới thiệu điện thoại Redmi 15 5G
Redmi 15 5G là smartphone thuộc dòng Redmi của Xiaomi, nhắm tới người dùng cần kết nối 5G, pin lớn và màn hình chất lượng. Smartphone Redmi này thuộc phân khúc tầm trung, hướng tới người dùng phổ thông muốn có thiết bị ổn định cho công việc, giải trí. 
Mẫu máy này ra mắt trong năm 2025, tiếp nối triết lý dòng Redmi là mang nhiều tính năng mới xuống giá phù hợp với nhiều người dùng. Nhờ vậy, người dùng có thể chơi game, lướt web và xử lý công việc trên cùng một thiết bị với chi phí hợp lý.
Pin lớn kiêm sạc ngược tiện dụng 
Về thiết kế, máy sở hữu mặt lưng nhám mờ, cụm camera lớn và các phối màu như Đen, Titan, Xanh lá phù hợp với nhiều phong cách khác nhau. Tại thị trường Việt, Redmi 15 5G sẽ được bán với giá khoảng 6 triệu đồng, phù hợp với người dùng muốn tối ưu chi phí nhưng vẫn cần cấu hình ổn định. 
Tại CellphoneS, mức giá này thậm chí còn hấp dẫn hơn với khi áp dụng khi khách hàng thu cũ lên đời máy mới. Nhìn tổng thể, máy nổi bật với màn hình 6.9inch 144Hz, chip Snapdragon 6s Gen 3, RAM 8GB, bộ nhớ 256GB và viên pin 7000mAh. 
Giải trí tối thoải mái cả ngày dài
Bên cạnh đó, HyperOS 2 và các tính năng AI như Circle to Search giúp tra cứu thông tin, xử lý nội dung trên máy thuận tiện hơn. Các phần bên dưới của bài viết sẽ phân tích chi tiết từng thông số, giúp người dùng đánh giá Redmi 15 phiên bản 5G có phù hợp với nhu cầu sử dụng hay không.
Thông số kỹ thuật Redmi 15 5G
Thông số kỹ thuật Redmi 15 5G bao quát từ hiệu năng xử lý, màn hình, camera, pin đến các tính năng AI và hệ điều hành mới. Các phần nội dung bên dưới sẽ lần lượt làm rõ từng nhóm thông số, giúp người dùng dễ so sánh, lựa chọn thiết bị phù hợp.
Bộ xử lý Snapdragon® 6s Gen 3
Redmi 15 phiên bản 5G sử dụng bộ xử lý Snapdragon 6s Gen 3 sản xuất trên tiến trình 6 nm, cân bằng giữa hiệu năng và điện năng. Con chip này sở hữu CPU 8 nhân, đáp ứng tốt các tác vụ thường ngày như lướt web, xem phim hay dùng mạng xã hội liên tục. 
Chip mạnh mẽ cho trải nghiệm mượt mà khi di chuyển
GPU Adreno cao cấp giúp thiết bị xử lý đồ họa ổn định khi chơi các tựa game phổ biến ở mức thiết lập phù hợp. Nhờ vậy, mẫu máy này giữ được độ mượt trong thời gian dài mà không làm pin tụt quá nhanh.
Theo số liệu tham khảo, cấu hình của điện thoại Redmi 15 5G đạt khoảng gần nửa triệu điểm trong các bài đo hiệu năng tổng hợp. Điều này cho phép người dùng mở nhiều ứng dụng cùng lúc, chuyển đổi qua lại mà ít xuất hiện hiện tượng giật lag khó chịu. 
Hiệu năng ổn định, xử lý trơn tru mọi ứng dụng
Bên cạnh đó, Snapdragon 6s Gen 3 còn tích hợp modem 5G giúp kết nối mạng nhanh và ổn định hơn khi xem video hay chơi game online. Nhờ đường truyền ổn định, người dùng dễ duy trì chất lượng hình ảnh cao khi gọi video hoặc học trực tuyến.
Trong tầm giá, vi xử lý này mang lại nền tảng đủ vững để máy hoạt động ổn định trong nhiều năm sử dụng thông thường. Vì thế, người dùng có thể yên tâm chọn thiết bị này để đồng hành lâu dài cho công việc và giải trí mỗi ngày.
Bộ nhớ & RAM 8GB + 256GB
Redmi 15 5G có tùy chọn RAM 8GB kết hợp bộ nhớ trong 256GB, phù hợp người dùng cần lưu trữ nhiều dữ liệu. Dung lượng RAM 8GB giúp Redmi 15 phiên bản 5G xử lý tốt các ứng dụng văn phòng, trình duyệt và mạng xã hội đang chạy song song. 
Đồng thời, thiết bị hạn chế tình trạng tải lại ứng dụng nền khi người dùng chuyển đổi liên tục giữa nhiều công việc. Nhờ vậy, thao tác như mở email, chuyển qua phần mềm chat rồi quay lại trình duyệt vẫn giữ được độ trơn tru.
Dung lượng lớn, thoải mái lưu phim và tài liệu
Bộ nhớ trong 256GB của điện thoại Redmi 15 5G cho phép người dùng lưu một lượng lớn ảnh, video, tài liệu công việc và ứng dụng giải trí. Bên cạnh đó, máy cũng hỗ trợ mở rộng dung lượng qua thẻ nhớ microSD, phù hợp với người hay quay video hoặc tải game dung lượng cao. 
RAM rộng rãi giúp chụp, lưu trữ ảnh sắc nét
Chuẩn bộ nhớ UFS giúp tốc độ đọc ghi nhanh hơn so với một số chuẩn cũ, rút ngắn thời gian cài đặt ứng dụng và sao chép dữ liệu. Nhờ tốc độ truy xuất cao, quá trình mở game, tải file hay xem lại nội dung được lưu trữ trở nên nhanh và ít bị trễ.
Tính năng mở rộng RAM ảo còn cho phép Redmi 15 phiên bản 5G sử dụng một phần dung lượng lưu trữ để tăng thêm bộ nhớ xử lý khi cần. Nhờ đó, máy có thêm không gian tạm thời để xử lý các tác vụ nặng, giúp trải nghiệm đa nhiệm giữ được độ ổn định trong nhiều tình huống.
Mỏng nhẹ chỉ 8.40mm và 217g
Redmi 15 5G sở hữu thân máy dày khoảng 8.40mm và trọng lượng khoảng 217 g, cân bằng giữa pin lớn và khả năng cầm nắm. Thiết bị sử dụng khung viền phẳng kết hợp mặt lưng nhám mờ, cho cảm giác cầm chắc tay và giảm bám mồ hôi, dấu vân tay. 
Thiết kế mỏng gọn, cầm nắm thoải mái suốt ngày
Bên cạnh đó, các góc được bo tròn nhẹ giúp người dùng không bị cấn tay quá nhiều khi sử dụng trong thời gian dài. Nhờ thiết kế mặt lưng mịn, người dùng vẫn có thể trượt máy ra khỏi túi quần hoặc balo khá dễ dàng.
Kích thước tổng thể khá lớn do màn hình 6.9 inch, tuy nhiên điện thoại Redmi 15 5G chỉ dày hơn 8mm nên trông gọn hơn so với dung lượng pin 7000mAh bên trong. Trọng lượng hơn 200 g khiến máy chắc tay, tạo cảm giác đầm khi thao tác, phù hợp với người thích điện thoại có cảm giác cầm nặng vừa phải. 
Mặt lưng nhám hạn chế bám dấu vân tay khó chịu
Đồng thời, khi thêm ốp lưng bảo vệ, tổng trọng lượng vẫn ở mức chấp nhận được cho việc sử dụng hàng ngày. Người dùng có thể cầm bằng một tay để đọc tin nhắn hoặc lướt mạng, và dùng hai tay để thao tác khi xem phim hay chơi game.
Tỷ lệ giữa độ dày thân máy và trọng lượng cho thấy nhà sản xuất đã tối ưu khá tốt phần sắp xếp linh kiện bên trong. Vì thế, mẫu máy này vẫn phù hợp với người thường xuyên cầm điện thoại trên tay nhưng cần ưu tiên viên pin lớn cho nhu cầu di chuyển nhiều.
Màn hình 6.9"" FHD+ 144Hz mượt mà
Màn hình 6.9 inch FHD+ trên Redmi 15 5G cho không gian hiển thị rộng, thuận tiện khi đọc tài liệu, làm việc và xem phim. Tỷ lệ hiển thị lớn giúp người dùng dễ đọc văn bản, xem bảng tính hoặc chỉnh sửa tài liệu ngay trên điện thoại. 
Bên cạnh đó, màn hình lớn còn tăng trải nghiệm khi xem phim, lướt mạng xã hội hay chơi game đồ họa trên điện thoại Redmi 15 phiên bản 5G. Viền mỏng giúp nội dung hiển thị tràn hơn, tạo cảm giác hiện đại hơn trong cùng phân khúc.
Màn hình lớn, hiển thị rộng rãi
Điểm đáng chú ý là tần số quét 144Hz giúp các thao tác vuốt, cuộn trang và hiệu ứng chuyển cảnh mượt mà hơn so với màn hình 60Hz truyền thống. Chế độ AdaptiveSync cho phép màn hình tự điều chỉnh tần số quét theo nội dung, góp phần tiết kiệm pin khi người dùng chỉ đọc báo hoặc xem ảnh. 
Đồng thời, độ sáng tối đa ở mức khá của Redmi 15 5G cũng giúp nội dung ngoài trời vẫn đủ rõ trong nhiều điều kiện ánh sáng khác nhau. Cùng với đó, các chứng nhận bảo vệ mắt như giảm ánh sáng xanh và hạn chế nhấp nháy góp phần giúp mắt đỡ mỏi hơn khi nhìn lâu.
Tần số quét cao cho thao tác mượt mà
Máy còn sở hữu tính năng Wet Touch 2.0 giúp màn hình vẫn nhận cảm ứng tốt khi tay hơi ướt hoặc dính mồ hôi, hỗ trợ tốt cho người hay di chuyển. Nhờ những yếu tố này, màn hình trở thành một trong những điểm mạnh quan trọng, nâng trải nghiệm tổng thể của thiết bị trong tầm giá.
Camera sau 50MP + trước 8MP
Điện thoại Redmi 15 5G được trang bị camera sau 50MP kết hợp ống kính phụ hỗ trợ đo chiều sâu, đáp ứng nhu cầu chụp ảnh hàng ngày. Cảm biến chính 50MP khẩu độ lớn giúp thu sáng tốt hơn trong nhiều điều kiện ánh sáng khác nhau. 
Hệ thống lấy nét cao cấp hỗ trợ bắt nét nhanh, hữu ích khi chụp các chủ thể chuyển động như trẻ nhỏ hoặc thú cưng. Nhờ đó, điện thoại Redmi 15 phiên bản 5G có thể ghi lại khoảnh khắc rõ nét mà không bị nhòe quá nhiều.
Cụm ba ống kính sau ghi lại khoảnh khắc rõ
Camera trước 8MP đáp ứng tốt nhu cầu selfie, gọi video và học trực tuyến. Phần mềm chụp ảnh hỗ trợ chế độ làm đẹp, tinh chỉnh da và chi tiết khuôn mặt ở mức tự nhiên. 
Redmi 15 5G còn cung cấp các chế độ chụp chân dung, chụp đêm, HDR, panorama và nhiều bộ lọc màu khác nhau. Khả năng quay video 1080p 30fps ở cả camera sau và trước phù hợp cho vlog cơ bản và nội dung mạng xã hội.
Thiết kế gọn nhẹ, cầm chắc tay khi chụp hình
Một số tính năng AI như nhận diện khung cảnh, tối ưu màu sắc và cân bằng trắng cũng được tích hợp trong giao diện chụp ảnh. Nhờ vậy, người dùng có thể dễ dàng tạo ra ảnh đẹp phục vụ chia sẻ, lưu kỷ niệm hoặc sử dụng trong công việc.
Pin 7000mAh & Sạc 33W
Điện thoại Redmi 15 5G sở hữu viên pin 7000mAh, dung lượng lớn hiếm thấy trong phân khúc tầm trung. Theo số liệu tham khảo từ nguồn uy tín, máy có thể xem video liên tục lên đến khoảng 25 giờ. 
Thời lượng nghe nhạc có thể đạt hơn 100 giờ và thời gian đàm thoại ước tính vượt mốc 50 giờ. Nhờ dung lượng cao, Redmi 15 phiên bản 5G có thể đáp ứng nhu cầu sử dụng trọn ngày cho công việc và giải trí.
Pin 7000mAh đáp ứng trọn vẹn một ngày làm việc
Thiết bị hỗ trợ sạc nhanh 33W, giúp rút ngắn đáng kể thời gian chờ sạc. Khi cần gấp, người dùng chỉ cần cắm sạc trong thời gian ngắn là đã có thêm nhiều giờ sử dụng liên tục.
Điện thoại Redmi 15 5G hỗ trợ sạc ngược có dây 18W, cho phép chia sẻ năng lượng cho tai nghe, điện thoại khác hoặc thiết bị đeo khi cần. Điều này đặc biệt hữu ích khi người dùng cần sạc tạm cho tai nghe, điện thoại phụ hoặc thiết bị đeo.
Sạc nhanh 33W rút ngắn đáng kể thời gian chờ
Theo công bố của hãng, viên pin siêu lớn vẫn giữ được dung lượng ở mức cao sau nhiều chu kỳ sạc xả. Dù vậy, thời lượng sử dụng thực tế có thể thay đổi tùy theo độ sáng màn hình, âm lượng, mức độ chạy nền của ứng dụng và thói quen sử dụng.
Tính năng AI trên Redmi 15 5G
Điện thoại Redmi 15 5G được trang bị nhiều tính năng AI nhằm hỗ trợ người dùng trong cả làm việc lẫn giải trí. Ở cấp hệ thống, máy tích hợp trợ lý Gemini, giúp gợi ý ý tưởng, hỗ trợ viết nội dung và giải đáp thắc mắc. 
Người dùng có thể gọi Gemini bằng lớp phủ nổi, không cần thoát ứng dụng đang mở để đặt câu hỏi. Điều này giúp Redmi 15 phiên bản 5G trở thành công cụ hỗ trợ học tập và làm việc linh hoạt hơn.
Trợ lý Gemini hỗ trợ hỏi đáp, gợi ý nội dung
Tính năng Circle to Search cho phép máy dễ dàng khoanh, tô hoặc chạm vào nội dung trên màn hình để tra cứu nhanh. Người dùng có thể tìm thông tin về sản phẩm, địa điểm hoặc hình ảnh chỉ với vài thao tác. 
Tính năng khoanh để tìm giúp tra cứu trực quan
Trong ứng dụng ảnh, các công cụ AI hỗ trợ xóa vật thể, điều chỉnh bầu trời và cải thiện chi tiết trong một số khung hình. Nhờ vậy, việc chỉnh sửa ảnh cơ bản trên Redmi 15 5G trở nên dễ dàng hơn, không cần cài thêm nhiều ứng dụng bên ngoài.
Một số tác vụ AI khác được tích hợp sâu trong hệ điều hành, tối ưu phân bổ tài nguyên và quản lý ứng dụng nền. Nhờ đó, thiết bị giữ được độ mượt trong thời gian dài, đồng thời góp phần kéo dài thời lượng pin trong ngày làm việc.
Hệ điều hành Xiaomi HyperOS 2
Điện thoại Redmi 15 5G chạy hệ điều hành Xiaomi HyperOS 2 phát triển từ nền tảng Android mới, tập trung tối ưu trải nghiệm lâu dài. Giao diện được tinh chỉnh gọn gàng, các icon và bảng điều khiển được sắp xếp trực quan hơn. 
HyperOS 2 tối ưu hiệu quả quản lý RAM, giúp ứng dụng mở lại nhanh hơn trong nhiều tình huống. Nhờ vậy, Redmi thế hệ 15 5G giữ được cảm giác mượt mà khi sử dụng hằng ngày.
HyperOS 2 tối ưu hiển thị và thao tác hằng ngày
Hệ điều hành mới trên Redmi 15 5G còn hỗ trợ tốt hơn cho hệ sinh thái Xiaomi với nhiều tính năng kết nối chéo thiết bị. Người dùng có thể chia sẻ clipboard, đồng bộ cuộc gọi và nhận thông báo giữa điện thoại, tablet hoặc laptop tương thích. 
Tối ưu hệ thống giúp máy vận hành ổn định lâu dài
Bên cạnh đó, giao diện cài đặt được bố trí lại, giúp người dùng dễ tìm thấy các tùy chọn hệ thống quan trọng. Những gợi ý thông minh trong một số ứng dụng hệ thống cũng góp phần đơn giản hóa thao tác thường ngày.
Theo thông tin công bố, HyperOS 2 hướng tới khả năng duy trì độ ổn định trong nhiều năm sử dụng. Điều này giúp Redmi 15 bản 5G phù hợp với người dùng muốn một chiếc máy cầm lâu dài mà vẫn giữ trải nghiệm quen thuộc.
Tính năng khác
Redmi 15 5G có nhiều tính năng về bảo mật, kết nối, âm thanh và độ bền, đáp ứng nhu cầu liên lạc và giải trí cơ bản mỗi ngày. Đồng thời, khả năng kháng bụi và tia nước bắn giúp người dùng yên tâm khi dùng máy. Người dùng có thể tham khảo thêm các tóm tắt tính năng, thông số của model này trong bảng sau.
Tên tính năng
Thông số
Chức năng
Bảo mật
Cảm biến vân tay cạnh viền, mở khóa khuôn mặt AI
Mở khóa nhanh, thuận tiện, giúp truy cập dữ liệu an toàn hơn và hạn chế người lạ sử dụng thiết bị.
NFC
Hỗ trợ NFC tùy thị trường
Thanh toán không chạm, chạm để kết nối và ghép nối nhanh với phụ kiện, phù hợp người dùng hay di chuyển.
Mạng và kết nối
2 SIM 5G, Wi-Fi băng tần kép, Bluetooth 5.1, GPS đa hệ thống
Máy đảm bảo được kết nối dữ liệu ổn định, chất lượng cuộc gọi tốt, định vị chính xác và kết nối không dây linh hoạt với thiết bị ngoại vi.
Âm thanh
Loa ngoài hỗ trợ tăng âm lượng, hỗ trợ âm thanh chất lượng cao
Phù hợp nhu cầu xem video, gọi thoại, nghe nhạc với chất lượng rõ nét.
Chống nước, tia nước bắn và bụi
Chuẩn kháng nước, bụi IP64
Tính năng này giúp máy kháng tia nước bắn nhẹ và bụi thường ngày. Tuy nhiên, người dùng không nên ngâm nước, dùng trong phòng xông hơi hoặc môi trường hóa chất đặc biệt.
So sánh Redmi 15 5G với các phiên bản khác
Redmi 15 5G được đặt giữa các phiên bản cùng dòng, tạo thành lựa chọn cân bằng giữa kết nối 5G, pin lớn và màn hình 144Hz. Phần dưới đây sẽ so sánh nhanh với Redmi 15 4G và Redmi Note 15 5G để người dùng dễ hình dung lựa chọn phù hợp.
So sánh Redmi 15 5G với Redmi 15
Redmi 15 và Redmi 15 5G có thiết kế và trải nghiệm pin tương tự cũng như màn hình với độ mượt chênh chệnh không quá lớn. Tuy nhiên, hiệu năng giữa hai thiết bị cũng có nhiều điểm chênh lệch, cụ thể như sau:
Thông số kỹ thuật
Redmi 15 5G
Redmi 15
Vi xử lý (Processor)
Snapdragon® 6s Gen 3 Mobile Platform (6nm, CPU: lên đến 2.3GHz )
Snapdragon® 685 Mobile Platform (6nm, CPU: lên đến 2.8GHz )
Mạng di động
Hỗ trợ 5G
Chỉ hỗ trợ 4G
RAM & ROM
4GB + 128GB
8GB + 256GB
(LPDDR4X + UFS2.2)
6GB + 128GB
8GB + 128GB
8GB + 256GB
(LPDDR4X + UFS2.2)
Màn hình
6.9"" FHD+ DotDisplay (2340 × 1080)
6.9"" FHD+ DotDisplay (2340 × 1080)
Tần số quét
Lên đến 144Hz
Lên đến 144Hz
Pin
7000mAh (typ)
7000mAh (typ)
Sạc nhanh
33W
33W
Camera sau
Camera chính 50MP (f/1.8) + Ống kính phụ
Camera chính 50MP (f/1.8) + Ống kính phụ
Camera trước
8MP (f/2.0)
8MP (f/2.0)
Kích thước
169.48mm x 80.45mm x 8.40mm
169.48mm x 80.45mm x 8.40mm
Trọng lượng
217g
214g
Bluetooth
Bluetooth 5.1
Bluetooth 5.0
Kháng nước/bụi
IP64
IP64
Hệ điều hành
Xiaomi HyperOS 2
Xiaomi HyperOS 2
Như vậy, Redmi 15 bản 5G và Redmi 15 cùng chia sẻ ngôn ngữ thiết kế, kích thước màn hình và dung lượng pin. Tuy nhiên Redmi 15 bản 5G dùng Snapdragon 6s Gen 3 tập trung vào 5G, còn Redmi 15 4G thường gắn với Snapdragon 685 phục vụ nhu cầu dữ liệu thấp hơn. Nhờ đó, điện thoại Redmi 15 bản 5G phù hợp hơn với người dùng cần mạng tốc độ cao cho học tập, làm việc online và xem nội dung chất lượng cao.
Đặt hai phiên bản cạnh nhau, dễ thấy khác biệt
So sánh Redmi 15 5G và Redmi Note 15 5G
Redmi thế hệ 15 5G thuộc dòng Redmi với định hướng giá rẻ, pin lớn và cấu hình đủ dùng. Trong khi đó, Redmi Note 15 5G dự kiến thuộc dòng Redmi Note, thường được định vị cao hơn với màn hình, camera được chăm chút hơn. Chi tiết sự khác biệt giữa hai phiên bản như sau:
Tính năng
Redmi 15 5G
Redmi Note 15
Bộ xử lý (Chipset)
Snapdragon® 6s Gen 3 (6nm, max 2.3GHz)
Snapdragon® 6 Gen 3 (4nm, max 2.4GHz)
Màn hình
6.9"" FHD+ DotDisplay (LCD)
6.77"" (OLED/AMOLED cao cấp)
Độ phân giải
2340 × 1080
2392 × 1080
Tần số quét
Lên đến 144Hz
Lên đến 120Hz
Độ sáng tối đa
850 nits (HBM)
3200 nit (Peak)
Bộ nhớ & Lưu trữ
4GB+128GB, 8GB+256GB (LPDDR4X + UFS 2.2)
6GB/8GB/12GB RAM + 128GB/256GB ROM (LPDDR4X + UFS 2.2)
Camera sau
Camera chính 50MP (f/1.8) + Ống kính phụ
Camera chính 50MP (Light Hunter 400, 1/2.88"") + 2MP Depth
Camera trước
8MP (f/2)
8MP
Pin
7000mAh (typ)
5800mAh (typ)
Sạc nhanh
33W
45W (Hỗ trợ PD)
Kích thước (Dài x Rộng x Dày)
169.48mm x 80.45mm x 8.40mm
164mm x 75.42mm x 7.35mm
Trọng lượng
217g
178g
Hệ điều hành
Xiaomi HyperOS 2
Xiaomi HyperOS 2
Cảm biến vân tay
Cạnh bên
Quang học dưới màn hình
Như vậy, CPU hai mẫu điện thoại có nhiều điểm tương đồng. Tuy nhiên, Redmi 15 5G sở hữu viên pin dung lượng lớn hơn, cho thời gian sử dụng vượt trội hơn. Trong khi đó Note 15 lại nhẹ hơn cùng công nghệ sạc nhanh hơn.
Trải nghiệm Redmi 15 5G chi tiết ngay
Redmi 15 5G mang lại trải nghiệm sử dụng thực tế cân bằng giữa hiệu năng, màn hình và thời lượng pin. Trong các tác vụ cơ bản như lướt web, dùng mạng xã hội hay nghe nhạc, máy vẫn hoạt động mượt và hiếm khi bị khựng hình.
Giao diện HyperOS 2 cũng phản hồi nhanh, chuyển đổi giữa nhiều ứng dụng không làm máy chậm đi thấy rõ. Nhờ chip Snapdragon 6s Gen 3 và tối ưu phần mềm, máy đáp ứng tốt nhu cầu học tập, làm việc cơ bản và giải trí nhẹ.
Phiên bản màu đen tạo cảm giác sang, cứng cáp
Khi xem phim hoặc video dài, màn hình 6.9 inch FHD+ với tần số quét cao của Redmi 15 5G cho cảm giác hiển thị rộng và trơn tru. Âm thanh từ loa ngoài trên máy cũng đủ lớn cho việc xem nội dung trong phòng yên tĩnh, và người dùng vẫn có thể dùng tai nghe 3.5mm khi cần. 
Viên pin 7000mAh cho phép người dùng yên tâm sử dụng liên tục từ sáng đến tối trong đa số kịch bản thông dụng. Công nghệ sạc nhanh 33W giúp rút ngắn đáng kể thời gian nạp pin, thuận tiện khi người dùng cần bổ sung pin nhanh giữa ngày.
Cụm camera 50MP và camera trước 8MP đáp ứng khá tốt nhu cầu chụp ảnh chia sẻ mạng xã hội và gọi video. Tổng thể, điện thoại Redmi 15 5G phù hợp với người cần một thiết bị đồng hành ổn định cho nhiều hoạt động trong ngày mà không phải sạc liên tục.
Có nên mua Redmi 15 5G không?
Redmi 15 phiên bản 5G là lựa chọn đáng cân nhắc với một số lý do nổi bật có thể kể đến như:
Viên pin cho trải nghiệm sử dụng cả ngày phù hợp cả cho người dùng thường xuyên di chuyển
Màn hình rộng, dễ dàng quan sát nhờ đó việc đọc tài liệu, học online hay xem nội dung dễ dàng không cần zoom
Dung lượng bộ nhớ lớn giúp thoải mái lưu trữ video, hình ảnh hay các tài liệu
Cấu hình đáp ứng được các nhu cầu sử dụng cơ bản hoặc giải trí nhẹ
Nhìn chung, Redmi 15 5G phù hợp với học sinh, sinh viên, người đi làm văn phòng cần máy pin trâu, màn hình lớn và 5G ổn định. Nếu ưu tiên những yếu tố này và muốn tối ưu chi phí, người dùng có thể đưa model này vào danh sách lựa chọn nghiêm túc.
Mua Redmi 15 5G giá ưu đãi tại CellphoneS
Redmi 15 5G chính hãng được phân phối tại CellphoneS với nguồn gốc rõ ràng, hóa đơn minh bạch. Khi mua model Redmi 15 bản 5G tại CellphoneS, khách hàng sẽ được tư vấn cấu hình phù hợp và tham gia các chương trình thu cũ đổi mới, trả góp linh hoạt. 
Khách hàng có thể đặt trước, theo dõi giá online hoặc ghé cửa hàng gần đó để được hỗ trợ. Nhờ mạng lưới chi nhánh và dịch vụ giao tận nơi, khách hàng dễ dàng sở hữu thiết bị với chi phí hợp lý.","{""Màn hình"": [{""name"": ""Kích thước màn hình"", ""value"": ""6.9 inches""}, {""name"": ""Công nghệ màn hình"", ""value"": ""IPS LCD""}, {""name"": ""Độ phân giải màn hình"", ""value"": ""2340 x 1080-pixel""}, {""name"": ""Tính năng màn hình"", ""value"": ""Độ sáng 700 nits\n850 nits (HBM)\nTỉ lệ tương phản 1400:1\nCảm ứng 288Hz\nĐạt chứng nhận TÜV Rheinland: Giảm ánh sáng xanh, Không nhấp nháy, Thân thiện nhịp sinh học""}, {""name"": ""Tần số quét"", ""value"": ""Từ 144Hz trở lên""}, {""name"": ""Kiểu màn hình"", ""value"": ""Đục lỗ (Nốt ruồi)""}], ""Camera sau"": [{""name"": ""Camera sau"", ""value"": ""50MP, Ống kính -5P, f/1.8""}, {""name"": ""Quay video"", ""value"": ""1080p@30fps\n720p@30fps""}, {""name"": ""Tính năng camera"", ""value"": ""HDR\nChụp đêm\nChụp chân dung\nTime-lapse\nChế độ phim\nVòng sáng mềm""}], ""Camera trước"": [{""name"": ""Camera trước"", ""value"": ""8MP f/2.05""}], ""Vi xử lý & đồ họa"": [{""name"": ""Chipset"", ""value"": ""Snapdragon® 6s Gen 3""}, {""name"": ""GPU"", ""value"": ""Adreno""}], ""Giao tiếp & kết nối"": [{""name"": ""Công nghệ NFC"", ""value"": ""Có""}, {""name"": ""Thẻ SIM"", ""value"": ""2 SIM (Nano-SIM)""}, {""name"": ""Hỗ trợ mạng"", ""value"": ""5G""}, {""name"": ""GPS"", ""value"": ""GPS, Glonass, Galileo, Beidou""}], ""RAM & lưu trữ"": [{""name"": ""Dung lượng RAM"", ""value"": ""8 GB""}, {""name"": ""Bộ nhớ trong"", ""value"": ""256 GB""}, {""name"": ""Khe cắm thẻ nhớ"", ""value"": ""MicroSD tối đa 2TB""}], ""Pin & công nghệ sạc"": [{""name"": ""Pin"", ""value"": ""7000mAh""}, {""name"": ""Công nghệ sạc"", ""value"": ""Sạc nhanh 33W""}, {""name"": ""Cổng sạc"", ""value"": ""USB Type-C""}], ""Tính năng khác"": [{""name"": ""Hệ điều hành"", ""value"": ""Xiaomi HyperOS 2""}], ""Bộ xử lý & Đồ họa"": [{""name"": ""Loại CPU"", ""value"": ""Kryo, up to 2.3GHz""}], ""Kích thước & Trọng lượng"": [{""name"": ""Kích thước"", ""value"": ""169.48 × 80.45 × 8.4 mm""}, {""name"": ""Trọng lượng"", ""value"": ""217g""}], ""Thông số khác"": [{""name"": ""Chỉ số kháng nước, bụi"", ""value"": ""IP64""}, {""name"": ""Công nghệ âm thanh"", ""value"": ""Hi-Res Audio, Dolby Atmos®""}], ""Tiện ích khác"": [{""name"": ""Cảm biến vân tay"", ""value"": ""Cảm biến vân tay cạnh bên""}, {""name"": ""Các loại cảm biến"", ""value"": ""Cảm biến gia tốc, Cảm biến tiệm cận, Cảm biến ánh sáng, La bàn""}, {""name"": ""Tính năng đặc biệt"", ""value"": ""Hỗ trợ 5G, Bảo mật vân tay, Nhận diện khuôn mặt, Kháng nước, kháng bụi""}], ""Cổng kết nối"": [{""name"": ""Wi-Fi"", ""value"": ""2.4GHz / 5GHz""}, {""name"": ""Bluetooth"", ""value"": ""v5.4 (hỗ trợ AAC, SBC, LDAC)""}]}","[""https://cdn2.cellphones.com.vn/x/media/catalog/product/s/l/slider-xiaomi-redmi-15-5g-8gb.jpg"", ""https://cdn2.cellphones.com.vn/x/media/catalog/product/s/l/slider-xiaomi-redmi-15-5g_1.jpg"", ""https://cdn2.cellphones.com.vn/x/media/catalog/product/s/l/slider-xiaomi-redmi-15-5g-2.jpg""]","{""product_color_1"": {""color"": ""Đen"", ""image_url"": ""https://cellphones.com.vn/dien-thoai-xiaomi-redmi-15-5g-8gb-256gb.html?product_id=119441"", ""price"": ""5.990.000₫""}, ""product_color_2"": {""color"": ""Xanh lá"", ""image_url"": ""https://cellphones.com.vn/dien-thoai-xiaomi-redmi-15-5g-8gb-256gb.html?product_id=119443"", ""price"": ""5.990.000₫""}, ""product_color_3"": {""color"": ""Xám"", ""image_url"": ""https://cellphones.com.vn/dien-thoai-xiaomi-redmi-15-5g-8gb-256gb.html?product_id=119442"", ""price"": ""5.990.000₫""}}"
Nubia V60 Design 6GB 256GB,dien-thoai-nubia-v60-design,3.290.000đ,2.690.000đ,"Đặc điểm nổi bật của Nubia V60 Design 6GB 256GB
Điện thoại Nubia V60 Design sở hữu cấu hình mạnh mẽ trong phân khúc phổ thông nhờ được trang bị con chip Unisoc T606, 6GB RAM cùng 256GB bộ nhớ trong. Hệ thống camera sở hữu cảm biến chính 50MP cùng thuật toán xử lý AI để luôn mang tới chất lượng hình chụp, video đẹp mắt, sống động. Màn hình 6.6 inch HD+ của Nubia V60 Design sở hữu thiết kế Hole độc đáo nhằm tối ưu không gian hiển thị và tính ứng dụng của điện thoại.
Nội dung chính
1. So sánh điện thoại Nubia V60 Design với Nubia V60, có gì khác biệt
2. Điện thoại Nubia V60 Design - Hiệu năng mạnh mẽ, giá rẻ bất ngờ
2.1. Hiệu năng tuyệt vời trong phân khúc giá rẻ
2.2. Camera sắc nét, tích hợp xử lý AI
2.3. Viên pin lớn, hỗ trợ sạc công suất 22.5W
2.4. Màn hình HD+ sắc nét, mượt mà với tần số quét 90Hz
2.5. Thiết kế cao cấp và độc đáo
3. Nubia V60 Design khi nào ra mắt?
4. Giá điện thoại Nubia V60 Design bao nhiêu?
5. Mua điện thoại Nubia V60 Design giá tốt tại CellphoneS
So sánh điện thoại Nubia V60 Design với Nubia V60, có gì khác biệt
Nubia V60 Design có điểm gì khác biệt so với phiên bản Nubia V60 được ra mắt trước đó, vậy chính xác hai mẫu điện thoại này có gì khác biệt thì hãy cùng tìm hiểu chi tiết sau đây:
Thông số
Nubia V60 Design
Nubia V60
Màn hình
6.6 inch HD+, Tần số quét 90Hz
6.72 inch FHD+
CPU
Unisoc T616, Octa-Core 2.0GHz
Unisoc T616, Octa-Core 2.0GHz
RAM
6GB 6GB
ROM
256GB 256GB
Camera trước
8MP FF
32MP FF
Camera sau
50MP main camera, F1.8, AF
2MP depth lens
AI-CAM
50MP main camera, F1.8, AF
2MP macro lens
2MP depth lens
Dung lượng pin
5000mAh (typical value)
Sạc nhanh 22.5W
5000mAh (typical value)
Sạc nhanh 22.5W
Điện thoại Nubia V60 Design - Hiệu năng mạnh mẽ, giá rẻ bất ngờ
Điện thoại Nubia V60 Design là mẫu smartphone giá rẻ sở hữu thiết kế cao cấp, tinh tế cùng cấu hình mạnh mẽ. Mẫu điện thoại Nubia này có khả năng xử lý đơn nhiệm, đa nhiệm ấn tượng để luôn đảm bảo phục vụ tốt mọi nhu cầu giải trí thường ngày của người dùng.
Hiệu năng tuyệt vời trong phân khúc giá rẻ
Điện thoại Nubia V60 Design được trang bị con chip Unisoc T606 rất được ưa chuộng trong phân khúc giá rẻ. Con chip 8 nhân của Unisoc sở hữu tốc độ xung nhịp tối đa lên tới 1.6GHz để các tác vụ đơn nhiệm luôn được xử lý một cách nhanh chóng. Kèm theo đó là 6GB RAM cùng khả năng mở rộng thêm 10GB RAM ảo để mang tới hiệu năng đa nhiệm không thua kém gì các sản phẩm tầm trung.
Nubia V60 Design còn được ZTE tích hợp sẵn bộ nhớ 256GB. Dung lượng này đủ để người dùng có thể thoải mái cài đặt ứng dụng, chụp hình/ quay video chất lượng cao hay lưu các tập tin đa phương tin kích thước lớn. Nubia V60 Design còn được cài đặt sẵn hệ điều hành Android 13 tuỳ biến theo giao diện MyOS 13 để các tác vụ được tối ưu và hoạt động mượt mà hơn.
Camera sắc nét, tích hợp xử lý AI
Tuy là dòng sản phẩm thuộc phân khúc giá rẻ nhưng điện thoại Nubia V60 Design vẫn được trang bị hệ thống camera vô cùng chất lượng. Cụm camera sau của Nubia V60 Design sở hữu cảm biến chính có độ phân giải lên tới 50MP để luôn có thể ghi hình với độ sắc nét cao. Đồng thời, Nubia còn tích hợp AI lên hệ thống camera của thiết bị để có thể xử lý hình ảnh tốt hơn, đặc biệt là với chế độ chụp chân dung.
Camera trước của Nubira V60 Design sử dụng cảm biến 8MP. Camera selfie của điện thoại tuy không sở hữu độ phân giải quá lớn nhưng vẫn đảm bảo phục vụ tốt được các nhu cầu chụp hình sống ảo, gọi điện video của người dùng trong sinh hoạt thường ngày.
Viên pin lớn, hỗ trợ sạc công suất 22.5W
Điện thoại Nubia V60 Design sẽ luôn đảm bảo được khả năng hoạt động bền bỉ nhờ được sở hữu viên pin có mức năng lượng lớn. Viên pin có mức năng lượng đặt 5000mAh bên trong Nubia V60 Design sẽ giúp người dùng có thể thoải mái sử dụng điện thoại cho các tác vụ hỗn hợp suốt cả ngày dài mà không cần sạc lại. Đi kèm viên pin lớn là công nghệ sạc 22.5W, giúp rút ngắn thời gian chờ đợi giữa những lần điện thoại nạp đầy năng lượng.
Màn hình HD+ sắc nét, mượt mà với tần số quét 90Hz
Điện thoại Nubia V60 Design được tích hợp một màn hình có kích thước 6.6 inch nhằm mang tới không gian giải trí đủ thoải mái. Độ phân giải HD+ của màn hình Nubia V60 Design sẽ giúp hình ảnh luôn có được sự sắc nét nhằm duy trì được hiệu suất giải trí ổn định. Nubia còn trang bị cho chiếc điện thoại V60 Design của mình tần số quét màn hình 90Hz để các chuyển động có được sự trơn tru, mượt mà.
Thiết kế cao cấp và độc đáo
Không chỉ cấu hình mà Nubia V60 Design còn rất được đầu tư về thiết kế. Từng đường nét, chi tiết trên điện thoại Nubia V60 Design đều được chăm chút một cách tỉ mỉ nhằm tạo nên sự cao cấp và nét khác biệt. Phần mặt lưng kính kết hợp khung viền vát phẳng mang tạo nên một tổng thể tinh tế, sang trọng và cá tính, rất phù hợp với thị hiếu người dùng hiện nay.
Chi tiết camera trước của Nubia V60 Design được thiết kế dạng Hole nhằm tạo nên sự độc đáo cho sản phẩm. Thay vì chỉ đơn thuần là vị trí camera selfie, chấm ruồi này có thể dễ dàng biến thành một cửa sổ phụ nhằm nâng cao tính thẩm mỹ, sự thuận tiện và tính đa dạng cho Nubia V60 Design .
Nubia V60 Design khi nào ra mắt?
Nubia V60 Design, mẫu điện thoại thuộc phân khúc giá rẻ, đã được ZTE chính thức giới thiệu tại thị trường Phi-líp-pin vào cuối tháng 5 năm 2024 vừa qua. Và sản phẩm smartphone giá rẻ của ZTE này sẽ sớm được phân phối chính hãng tại thị trường Việt Nam thông qua hệ thống cửa hàng CellphoneS trong thời gian tới.
Điện thoại Nubia V60 Design được ZTE giới thiệu với 3 tuỳ chọn màu sắc là Dark Blue, Sunrise Violet và Champagne Gold. Nhờ việc sở hữu đa dạng màu sắc này mà dòng điện thoại giá rẻ của ZTE này sẽ phù hợp để người dùng thuộc mọi giới tính, độ tuổi sử dụng.
Giá điện thoại Nubia V60 Design bao nhiêu?
Trái ngược với sự đa dạng về màu sắc, Nubia V60 Design sẽ chỉ có duy nhất một phiên bản cấu hình với tổng 16GB RAM và bộ nhớ trong 256GB. ZTE hiện đã công bố giá bán chính thức của mẫu điện thoại này ở mức 5.999 Peso, khoảng 2,5 triệu đồng. Đây là mức giá mà hiếm có mẫu điện thoại sở hữu khả năng đa nhiệm vượt trội nào có được từ trước tới nay.
Với giá bán cực cạnh tranh trong phân khúc giá rẻ, khả năng xử lý mượt mà với mọi tác vụ, thiết kế cao cấp và độc đáo cùng cụm camera chất lượng, tích hợp AI, Nubia V60 Design sẽ là sản phẩm rất đáng lựa chọn khi so sánh với các đối thủ như Tecno Spark Go 2024, Infinix Hot 30i, Infinix Hot 40i, Itel S23,...
Mua điện thoại Nubia V60 Design giá tốt tại CellphoneS
Điện thoại Nubia V60 Design sẽ sớm được mở bán tại Việt Nam thông qua hệ thống các cửa hàng thuộc chuỗi bán lẻ CellphoneS. Ngoài ra, đi kèm mẫu điện thoại giá rẻ của ZTE còn có các chương trình khuyến mãi nhân sự kiện ra mắt, chiết khấu hội viên Smember, chính sách hỗ trợ dành riêng cho học sinh - sinh viên,...để bạn có cơ hội sở hữu với mức giá cực tốt.","{""Màn hình"": [{""name"": ""Kích thước màn hình"", ""value"": ""6.6 inches""}, {""name"": ""Độ phân giải màn hình"", ""value"": ""720 x 1612 (HD+)""}, {""name"": ""Tính năng màn hình"", ""value"": ""Tần số quét 90Hz""}, {""name"": ""Tần số quét"", ""value"": ""90Hz""}, {""name"": ""Kiểu màn hình"", ""value"": ""Đục lỗ (Nốt ruồi)""}], ""Camera sau"": [{""name"": ""Camera sau"", ""value"": ""50MP AI Camera\n2MP FF+AI Camera""}, {""name"": ""Tính năng camera"", ""value"": ""Auto HDR\nAI Photos""}], ""Camera trước"": [{""name"": ""Camera trước"", ""value"": ""8MP FF""}], ""Vi xử lý & đồ họa"": [{""name"": ""Chipset"", ""value"": ""Unisoc T606""}], ""Giao tiếp & kết nối"": [{""name"": ""Công nghệ NFC"", ""value"": ""Không""}, {""name"": ""Thẻ SIM"", ""value"": ""2 SIM (Nano-SIM)""}, {""name"": ""Jack tai nghe 3.5"", ""value"": ""Có""}, {""name"": ""GPS"", ""value"": ""GPS""}], ""RAM & lưu trữ"": [{""name"": ""Dung lượng RAM"", ""value"": ""6 GB""}, {""name"": ""Bộ nhớ trong"", ""value"": ""256 GB""}], ""Pin & công nghệ sạc"": [{""name"": ""Pin"", ""value"": ""5000mAh""}, {""name"": ""Công nghệ sạc"", ""value"": ""Sạc nhanh 22.5W""}, {""name"": ""Cổng sạc"", ""value"": ""USB Type-C""}], ""Tính năng khác"": [{""name"": ""Hệ điều hành"", ""value"": ""Android T""}], ""Bộ xử lý & Đồ họa"": [{""name"": ""Loại CPU"", ""value"": ""Octa-Core 1.6GHz""}], ""Kích thước & Trọng lượng"": [{""name"": ""Kích thước"", ""value"": ""164.2*75.3*8.6mm""}], ""Tiện ích khác"": [{""name"": ""Các loại cảm biến"", ""value"": ""Cảm biến gia tốc, Cảm biến tiệm cận""}, {""name"": ""Tính năng đặc biệt"", ""value"": ""Bảo mật vân tay, Nhận diện khuôn mặt""}], ""Cổng kết nối"": [{""name"": ""Wi-Fi"", ""value"": ""802.11 a/b/g/n/ac\nWiFi 2.4G/5G""}, {""name"": ""Bluetooth"", ""value"": ""v5,2""}], ""Thông số khác"": [{""name"": ""Công nghệ âm thanh"", ""value"": ""Audio with DTS Processing""}]}","[""https://cdn2.cellphones.com.vn/x/media/catalog/product/_/i/_i_n_tho_i_nubia_v60_design_6gb_256gb_-_1.png"", ""https://cdn2.cellphones.com.vn/x/media/catalog/product/_/i/_i_n_tho_i_nubia_v60_design_6gb_256gb_-_2.png"", ""https://cdn2.cellphones.com.vn/x/media/catalog/product/_/i/_i_n_tho_i_nubia_v60_design_6gb_256gb_-_7.png""]","{""product_color_1"": {""color"": ""Xanh Đen"", ""image_url"": ""https://cellphones.com.vn/dien-thoai-nubia-v60-design.html?product_id=88441"", ""price"": ""2.690.000₫""}, ""product_color_2"": {""color"": ""Vàng"", ""image_url"": ""https://cellphones.com.vn/dien-thoai-nubia-v60-design.html?product_id=88440"", ""price"": ""2.690.000₫""}, ""product_color_3"": {""color"": ""Tím"", ""image_url"": ""https://cellphones.com.vn/dien-thoai-nubia-v60-design.html?product_id=88439"", ""price"": ""2.690.000₫""}}"
Điện thoại Nubia Z70 Ultra 5G 12GB 256GB,dien-thoai-zte-z70-ultra-12gb-256gb,19.990.000đ,16.990.000đ,"Đặc điểm nổi bật của Điện thoại Nubia Z70 Ultra 5G 12GB 256GB
Điện thoại Nubia Z70 Ultra 5G 12GB 256GB mang đến không gian lưu trữ và hiệu suất vượt trội, đáp ứng tốt các nhu cầu đa dạng từ công việc đến giải trí. Sản phẩm sở hữu dung lượng RAM vô cùng ấn tượng đến 12GB chuẩn, cung cấp khả năng khả năng đa nhiệm cực mướt, không lo tình trạng giật lag khi khởi chạy hay chuyển đổi giữa nhiều ứng dụng.
Kết hợp với bộ nhớ trong 256GB, Nubia Z70 Ultra này sẽ mang đến cho người dùng một không gian lưu trữ rộng rãi để chứa mọi tài liệu, hình ảnh, video,.... Tốc độ đọc - ghi dữ liệu trên điện thoại cũng được xử lý nhanh chóng, vượt trội, giúp tải ứng dụng, truy cập ảnh, cài đặt game,...mượt mà, không phải chờ lâu.
Với thông số dung lượng cực kỳ ấn tượng, điện thoại Nubia Z70 Ultra 5G 12GB 256GB sẽ đáp ứng mọi trải nghiệm cho người dùng hiện đại. Đây là lựa chọn lý tưởng khi quý khách cần một chiếc flagship hiệu năng mạnh, dung lượng ổn định, phục vụ tốt trong thời gian dài.","{""Màn hình"": [{""name"": ""Kích thước màn hình"", ""value"": ""6.85 inches""}, {""name"": ""Công nghệ màn hình"", ""value"": ""AMOLED""}, {""name"": ""Tính năng màn hình"", ""value"": ""Độ phân giải màn hình: 2688 x 1216 pixels\nTần số 144Hz""}, {""name"": ""Tần số quét"", ""value"": ""Từ 144Hz trở lên""}], ""Camera sau"": [{""name"": ""Camera sau"", ""value"": ""50MP+64MP+50MP""}], ""Camera trước"": [{""name"": ""Camera trước"", ""value"": ""16MP""}], ""Vi xử lý & đồ họa"": [{""name"": ""Chipset"", ""value"": ""Snapdragon 8 Elite (3 nm)""}], ""Giao tiếp & kết nối"": [{""name"": ""Công nghệ NFC"", ""value"": ""Có""}, {""name"": ""Thẻ SIM"", ""value"": ""2 Nano-SIM""}, {""name"": ""Hỗ trợ mạng"", ""value"": ""5G""}], ""RAM & lưu trữ"": [{""name"": ""Dung lượng RAM"", ""value"": ""12 GB""}, {""name"": ""Bộ nhớ trong"", ""value"": ""256 GB""}], ""Pin & công nghệ sạc"": [{""name"": ""Pin"", ""value"": ""6150 mAh""}, {""name"": ""Công nghệ sạc"", ""value"": ""Hỗ trợ sạc nhanh 80W""}], ""Tính năng khác"": [{""name"": ""Hệ điều hành"", ""value"": ""Android 15""}], ""Thông số khác"": [{""name"": ""Chỉ số kháng nước, bụi"", ""value"": ""IP68""}, {""name"": ""Tiện ích khác"", ""value"": ""Face Unlock""}], ""Tiện ích khác"": [{""name"": ""Cảm biến vân tay"", ""value"": ""Cảm biến vân tay dưới màn hình""}, {""name"": ""Các loại cảm biến"", ""value"": ""Cảm biến gia tốc, Cảm biến ánh sáng, La bàn""}, {""name"": ""Tính năng đặc biệt"", ""value"": ""Hỗ trợ 5G, Bảo mật vân tay, Nhận diện khuôn mặt, Kháng nước, kháng bụi""}], ""Cổng kết nối"": [{""name"": ""Wi-Fi"", ""value"": ""WiFi 6, WiFi 802.11 a/b/g/n/ac/ax (2x2 MIMO)""}, {""name"": ""Bluetooth"", ""value"": ""v5.4""}]}","[""https://cdn2.cellphones.com.vn/x/media/catalog/product/s/l/slider-nubia-z70-ultra-5g-12gb-256gb.jpg"", ""https://cdn2.cellphones.com.vn/x/media/catalog/product/s/l/slider-nubia-z70-ultra-5g-12gb-256gb-1.jpg"", ""https://cdn2.cellphones.com.vn/x/media/catalog/product/s/l/slider-nubia-z70-ultra-5g-12gb-256gb-2.jpg""]","{""product_color_1"": {""color"": ""Đen"", ""image_url"": ""https://cellphones.com.vn/dien-thoai-zte-z70-ultra-12gb-256gb.html?product_id=105598"", ""price"": ""16.990.000₫""}, ""product_color_2"": {""color"": ""Vàng"", ""image_url"": ""https://cellphones.com.vn/dien-thoai-zte-z70-ultra-12gb-256gb.html?product_id=115956"", ""price"": ""16.990.000₫""}}"
Nubia Neo 5 GT 12GB 256GB,dien-thoai-nubia-neo-5-gt-12gb-256gb,11.490.000đ,9.990.000đ,"Đặc điểm nổi bật của Nubia Neo 5 GT 12GB 256GB
Điện thoại Nubia Neo 5 GT sở hữu vi xử lý Dimensity 7400 tiến trình 4nm mạnh mẽ, giúp xử lý mượt mà mọi tác vụ giải trí cũng như các tựa game đồ họa cao. Hệ thống quạt làm mát chủ động với diện tích 29508mm² hỗ trợ duy trì nhiệt độ khi sử dụng lâu. Viên pin 6210mAh kết hợp sạc nhanh 80W cung cấp nguồn năng lượng bền bỉ.
Nội dung chính
1. Điện thoại Nubia Neo 5 GT - Điện thoại gaming mạnh mẽ
1.1. Công nghệ AI Copilot Demi 2.0 hiện đại
1.2. Mức năng lượng pin 6210mAh cùng nạp nhanh 80W
1.3. Camera AI 50MP ghi lại khoảnh khắc rõ nét
1.4. Bộ nhớ chuẩn LPDDR5 hỗ trợ đa nhiệm mượt
1.5. Tấm nền AMOLED 1.5K tốc độ quét 144Hz
1.6. Thiết kế mặt lưng phẳng và ba màu cá tính
2. Điện thoại Nubia Neo 5 GT ra mắt khi nào?
3. Điện thoại Nubia Neo 5 GT giá bán bao nhiêu tiền?
4. So sánh điện thoại Nubia Neo 5 GT với Nubia Neo 3 GT chi tiết
5. Mua điện thoại Nubia Neo 5 GT giá tốt tại CellphoneS
Điện thoại Nubia Neo 5 GT - Điện thoại gaming mạnh mẽ
Các thay đổi mang tính đột phá ở thiết bị điện thoại Nubia này giúp cho người dùng cảm nhận được sự vận hành độc đáo và hấp dẫn. Các đặc điểm về tính năng và ngoại hình đều được chăm chút kỹ lưỡng nhằm đáp ứng tốt các nhu cầu giải trí đa dạng.
Công nghệ AI Copilot Demi 2.0 hiện đại
Trợ lý ảo Copilot Demi 2.0 trên điện thoại Nubia Neo 5 GT hoạt động như một người đồng hành thông minh giúp người dùng tối ưu hóa mọi trải nghiệm giải trí. Hệ thống này có khả năng phản hồi các câu hỏi về cách chơi và giúp người dùng phân tích các thông tin hiệu suất chuyên sâu cũng như tự động trả lời tin nhắn.
Công nghệ AI thông minh giúp tối ưu hóa các tác vụ.
Bên cạnh đó, tính năng tự động trả lời tin nhắn trên thiết bị giúp người dùng duy trì sự tập trung cao độ trong suốt quá trình sử dụng các ứng dụng đồ họa. Công nghệ AI này còn theo dõi sát sao tình trạng thiết bị, để người dùng dễ dàng quản lý và kiểm soát hiệu quả hơn. 
Mức năng lượng pin 6210mAh cùng nạp nhanh 80W
Năng lượng pin đạt mức 6210mAh cùng hệ thống dual-cell đem lại nguồn năng lượng dồi dào phục vụ các nhu cầu vận hành hiệu suất cao. Điện thoại Nubia Neo 5 GT cho phép người dùng thoải mái sử dụng các ứng dụng nặng trong thời gian dài mà không cần lo lắng về việc cạn kiệt pin giữa chừng.
Mức dung lượng lớn đem tới nguồn vận hành ổn định.
Công nghệ sạc nhanh 80W đi kèm giúp rút ngắn đáng kể thời gian nạp điện để người dùng nhanh chóng quay trở lại với các tác vụ hằng ngày. Tính năng Bypass Charging hỗ trợ cấp nguồn trực tiếp giúp duy trì nhiệt độ ổn định cho thiết bị và bảo vệ tuổi thọ linh kiện hiệu quả hơn.
Camera AI 50MP ghi lại khoảnh khắc rõ nét
Hệ thống cụm ba camera sau 50MP trên điện thoại Nubia Neo 5 GT mang đến khả năng ghi lại những hình ảnh với độ chi tiết cao và màu sắc chân thực. Người dùng dễ dàng chụp được những bức ảnh phong cảnh hay chân dung rõ nét nhờ sự hỗ trợ đắc lực từ thuật toán xử lý hình ảnh thông minh tích hợp sẵn.
Cụm camera độ phân giải cao cho chất lượng ảnh rõ nét.
Bên cạnh đó, camera trước 16MP của thiết bị cung cấp chất lượng cuộc gọi video ổn định và những tấm hình tự sướng rạng rỡ trong nhiều môi trường. Các tính năng chụp ảnh thực tế giúp cải thiện đáng kể độ sáng và độ tương phản để tạo nên những khung hình ấn tượng cho người sử dụng mỗi ngày.
Bộ nhớ chuẩn LPDDR5 hỗ trợ đa nhiệm mượt
Việc trang bị loại RAM LPDDR5 hiệu năng mạnh đem tới tốc độ đọc ghi thông tin vô cùng thần tốc cho bộ máy xử lý. Người dùng có thể chạy đồng thời nhiều ứng dụng nặng trên điện thoại Nubia Neo 5 GT mà hạn chế gặp phải tình trạng giật lag hay bị tải lại trang bất ngờ.
Chuẩn bộ nhớ mới giúp quá trình đa nhiệm mượt mà hơn.
Khả năng đa nhiệm mượt mà giúp quá trình chuyển đổi giữa các tác vụ diễn ra tức thì nhằm tối ưu hóa hiệu suất làm việc và giải trí. Dung lượng bộ nhớ lớn còn hỗ trợ thiết bị duy trì sự ổn định lâu dài để đáp ứng tốt các nhu cầu lưu trữ dữ liệu ngày càng cao của người sử dụng.
Tấm nền AMOLED 1.5K tốc độ quét 144Hz
Màn hình AMOLED 6.8inch độ phân giải 1.5K trên điện thoại Nubia Neo 5 GT mang đến những khung hình sắc nét với màu sắc rực rỡ và sống động. Người dùng dễ dàng tận hưởng các nội dung giải trí chất lượng cao nhờ độ sáng tối đa đạt mức 4500 nits giúp hiển thị rõ ràng ngay cả ở điều kiện ánh sáng mạnh.
Hiển thị rực rỡ đem lại các nội dung chân thực.
Tần số quét 144Hz kết hợp cùng tần số lấy mẫu cảm ứng 3049Hz giúp các thao tác vuốt chạm trên bề mặt kính trở nên vô cùng mượt mà và tức thì. Công nghệ bảo vệ mắt đạt chứng nhận SGS hỗ trợ giảm thiểu tình trạng mỏi mắt khi người sử dụng theo dõi các chuyển động nhanh trong thời gian dài liên tục.
Thiết kế mặt lưng phẳng và ba màu cá tính
Sản phẩm sở hữu kiểu dáng hiện đại với thiết kế mặt lưng phẳng giúp tạo nên vẻ ngoài thanh lịch và sang trọng cho thiết bị. Người dùng dễ dàng cầm nắm và thao tác trên điện thoại Nubia Neo 5 GT nhờ thiết kế không cụm camera lồi giúp tăng cường sự ổn định khi đặt trên mặt bàn.
Thiết kế phẳng hiện đại phù hợp với đa dạng người dùng.
Ba tùy chọn màu sắc cá tính kết hợp cùng hệ thống đèn RGB sống động cho phép người sử dụng tự do thể hiện phong cách riêng biệt của bản thân. Những đường nét bo cong nhẹ nhàng tại các góc cạnh giúp tối ưu hóa cảm giác cầm nắm để người dùng thoải mái sử dụng sản phẩm trong nhiều giờ liên tục.
Điện thoại Nubia Neo 5 GT ra mắt khi nào?
Điện thoại Nubia Neo 5 GT chính thức ra mắt cộng đồng công nghệ thế giới tại sự kiện triển lãm MWC 2026 được tổ chức ở Barcelona vừa qua. Người dùng dễ dàng tiếp cận sản phẩm từ tháng 3 năm 2026 khi hãng bắt đầu triển khai kế hoạch mở bán rộng rãi tại khu vực Đông Nam Á.
Thời gian Nubia Neo 5 GT ra mắt người dùng.
Sự xuất hiện đúng thời điểm này giúp thiết bị nhanh chóng thu hút sự quan tâm lớn của đông đảo người dùng đang tìm kiếm một phương tiện giải trí mới. Hãng cũng xác nhận mức giá khởi điểm cho phiên bản này là khoảng 399 Euro nhằm hỗ trợ người dùng sở hữu công nghệ hiện đại với chi phí hợp lý.
Điện thoại Nubia Neo 5 GT giá bán bao nhiêu tiền?
Mức giá khởi điểm của sản phẩm tại thị trường quốc tế là khoảng 399 Euro (tương đương khoảng 12.076.932 VNĐ) và dự kiến sẽ sớm có mặt rộng rãi tại Việt Nam. Người dùng có thể sở hữu điện thoại Nubia Neo 5 GT với mức chi phí hợp lý để tận hưởng trọn vẹn những tính năng giải trí mới mẻ.
Chi phí để người dùng sở hữu Nubia Neo 5 GT.
Giá bán thực tế của thiết bị có thể thay đổi linh hoạt dựa trên các chương trình khuyến mãi và chính sách ưu đãi riêng của từng nhà bán lẻ. Người dùng nên thường xuyên theo dõi các hệ thống phân phối uy tín để cập nhật bảng giá chính xác nhằm đưa ra quyết định mua sắm phù hợp.
So sánh điện thoại Nubia Neo 5 GT với Nubia Neo 3 GT chi tiết
Nubia Neo 5 GT và Neo 3 GT đều là sản phẩm smartphone chơi game với giá thành phải chăng. Vậy chính xác hai mẫu điện thoại này có gì khác biệt, hãy cùng so sánh chi tiết:
Thông số
Nubia Neo 5 GT 8GB 256GB
Nubia Neo 3 GT 12GB 256GB
Kích thước màn hình
6.8 inches
6.8 inches
Công nghệ màn hình
AMOLED
OLED
Camera sau
50MP AF + 2MP
50MP + 2MP
Camera trước
16MP FF
16MP
Chipset
MediaTek D7400
Unisoc T9100
Công nghệ NFC
Có
Có
Dung lượng RAM
8 GB
12 GB
Bộ nhớ trong
256 GB
256 GB
Pin
6210mAh
6000mAh
Thẻ SIM
2 Nano-SIM + eSIM
2 Nano-SIM
Hệ điều hành
MyOS 16 (dựa trên Android 16)
Android 15
Tính năng màn hình
Độ phân giải màn hình 1.5K
Độ sáng 4500 nits
FullHD+
Tần số 120Hz
Độ sáng cực đại 1300 nit
Gam màu DCI-P3 100%
Tỷ lệ tương phản 1000000:1
Tần số lấy mẫu cảm ứng tức thời 1200Hz
Loại CPU
Octa-core 2.6GHz
Nhìn chung, Neo 5 GT sở hữu nhiều nâng cấp về cấu hình, pin, thâm chí màn hình. Do đó nếu phân phân chọn mua giữa hai mẫu điện thoại gaming này thì Neo 5 GT là sản phẩm đáng để trải nghiệm.
Mua điện thoại Nubia Neo 5 GT giá tốt tại CellphoneS
Khách hàng lựa chọn mua điện thoại Nubia Neo 5 GT tại hệ thống CellphoneS để nhận được nhiều ưu đãi hấp dẫn. Sản phẩm sở hữu thiết kế hiện đại cùng hiệu năng mạnh mẽ đáp ứng tốt nhu cầu giải trí hằng ngày. Cửa hàng hỗ trợ chính sách trả góp lãi suất 0% và giao hàng tận nơi nhanh chóng trên toàn quốc. Hãy đến ngay chi nhánh gần nhà để trải nghiệm và sở hữu thiết bị với mức giá ưu đãi.","{""Màn hình"": [{""name"": ""Kích thước màn hình"", ""value"": ""6.8 inches""}, {""name"": ""Công nghệ màn hình"", ""value"": ""AMOLED""}, {""name"": ""Tính năng màn hình"", ""value"": ""Độ phân giải màn hình 1.5K\nĐộ sáng 4500 nits""}, {""name"": ""Tần số quét"", ""value"": ""Từ 144Hz trở lên""}, {""name"": ""Kiểu màn hình"", ""value"": ""Đục lỗ (Nốt ruồi)""}], ""Camera sau"": [{""name"": ""Camera sau"", ""value"": ""50MP AF + 2MP""}], ""Camera trước"": [{""name"": ""Camera trước"", ""value"": ""16MP FF""}], ""Vi xử lý & đồ họa"": [{""name"": ""Chipset"", ""value"": ""MediaTek D7400""}], ""Giao tiếp & kết nối"": [{""name"": ""Công nghệ NFC"", ""value"": ""Có""}, {""name"": ""Thẻ SIM"", ""value"": ""2 Nano-SIM + eSIM""}, {""name"": ""Hỗ trợ mạng"", ""value"": ""5G""}], ""RAM & lưu trữ"": [{""name"": ""Dung lượng RAM"", ""value"": ""12 GB""}, {""name"": ""Bộ nhớ trong"", ""value"": ""256 GB""}], ""Pin & công nghệ sạc"": [{""name"": ""Pin"", ""value"": ""6210mAh""}, {""name"": ""Công nghệ sạc"", ""value"": ""Sạc nhanh 80W""}, {""name"": ""Cổng sạc"", ""value"": ""USB Type-C""}], ""Tính năng khác"": [{""name"": ""Hệ điều hành"", ""value"": ""MyOS 16 (dựa trên Android 16)""}], ""Bộ xử lý & Đồ họa"": [{""name"": ""Loại CPU"", ""value"": ""Octa-core 2.6GHz""}], ""Tiện ích khác"": [{""name"": ""Cảm biến vân tay"", ""value"": ""Cảm biến vân tay dưới màn hình""}, {""name"": ""Các loại cảm biến"", ""value"": ""Cảm biến gia tốc, Con quay hồi chuyển""}, {""name"": ""Tính năng đặc biệt"", ""value"": ""Hỗ trợ 5G""}], ""Cổng kết nối"": [{""name"": ""Wi-Fi"", ""value"": ""Wi-Fi 2.4G/5G/6G, 802.11 a/b/g/n/ac/ax""}, {""name"": ""Bluetooth"", ""value"": ""v6.0""}], ""Thông số khác"": [{""name"": ""Công nghệ - Tiện ích"", ""value"": ""Shoulder Triggers, Live Island""}, {""name"": ""Công nghệ âm thanh"", ""value"": ""Loa kép stereo, DTS:X Ultra""}], ""Thông tin chung"": [{""name"": ""Thời điểm ra mắt"", ""value"": ""04/2026""}]}","[""https://cdn2.cellphones.com.vn/x/media/catalog/product/d/i/dien-thoai-nubia-neo-5-gt-den_1.jpg"", ""https://cdn2.cellphones.com.vn/x/media/catalog/product/d/i/dien-thoai-nubia-neo-5-gt-bac_1.jpg"", ""https://cdn2.cellphones.com.vn/x/media/catalog/product/d/i/dien-thoai-nubia-neo-5-gt-vang_1.jpg""]","{""product_color_1"": {""color"": ""Bạc"", ""image_url"": ""https://cellphones.com.vn/dien-thoai-nubia-neo-5-gt-12gb-256gb.html?product_id=130159"", ""price"": ""9.990.000₫""}, ""product_color_2"": {""color"": ""Đen"", ""image_url"": ""https://cellphones.com.vn/dien-thoai-nubia-neo-5-gt-12gb-256gb.html?product_id=130158"", ""price"": ""9.990.000₫""}}"
Nokia HMD 105 4G,nokia-hmd-105-4g,N/A,N/A,"Đặc điểm nổi bật của Nokia HMD 105 4G
Nokia HMD 105 4G là mẫu điện thoại phổ thông, sở hữu màn hình 2.4 inch QVGA, sử dụng chipset Unisoc T127 với sức mạnh cơ bản và bộ nhớ trong 128MB. Sản phẩm điện thoại phổ thông này trang bị pin 1450mAh, thiết kế siêu bền bỉ và sử dụng cổng sạc USB Type-C tiện lợi. Máy hỗ trợ mạng 4G, tích hợp jack tai nghe 3.5mm.
Nội dung chính
1. Nokia HMD 105 4G - Công nghệ hiện đại trong thiết kế kinh điển
1.1. Chipset Unisoc T127, bộ nhớ trong rộng rãi 128MB
1.2. Màn hình 2.4 inch QVGA kết hợp pin dung lượng 1450mAh
2. Nokia HMD 105 4G được ra mắt lúc nào?
3. Nokia HMD 105 4G giá bao nhiêu tiền?
4. Mua ngay Nokia HMD 105 4G với giá thành ưu đãi tại CellphoneS
Nokia HMD 105 4G - Công nghệ hiện đại trong thiết kế kinh điển
Nokia HMD 105 4G là một sản phẩm điện thoại cơ bản nhưng mạnh mẽ, sở hữu sự bền bỉ vượt trội và mang đến nhiều tiện lợi cho người dùng. Được ra mắt bởi HMD Global, mẫu điện thoại này tuy sở hữu thiết kế hoài cổ nhưng lại tích hợp nhiều tính năng hiện đại như kết nối 4G.
Chipset Unisoc T127, bộ nhớ trong rộng rãi 128MB
Nokia HMD 105 4G được trang bị chipset Unisoc T127, cung cấp hiệu năng ổn định cho các tác vụ cơ bản hàng ngày. Đây là sự kết hợp lý tưởng cho một chiếc điện thoại cơ bản, giúp thiết bị hoạt động mượt mà, từ việc gọi điện hay nhắn tin. Với bộ nhớ trong 128MB, người dùng có đủ không gian để lưu trữ danh bạ, tin nhắn cùng một số dữ liệu khác.
Màn hình 2.4 inch QVGA kết hợp pin dung lượng 1450mAh
Màn hình của Nokia HMD 105 4G có kích thước 2.4 inch với độ phân giải QVGA, mang lại trải nghiệm hiển thị rõ ràng. Kích thước màn hình này giúp người dùng dễ dàng theo dõi các thông tin trên màn hình mà không gặp khó khăn, đồng thời tiết kiệm năng lượng. Pin của điện thoại có dung lượng 1450mAh, cho thời gian đàm thoại có thể lên đến 20 giờ.
Nokia HMD 105 4G được trang bị cổng sạc USB Type-C. Ấn tượng hơn, thiết bị còn hỗ trợ mạng 4G, và jack tai nghe 3.5mm, nâng cao sự tiện lợi.
Nokia HMD 105 4G được ra mắt lúc nào?
Nokia HMD 105 4G chính thức được công bố toàn cầu mới đây. Sự ra mắt của sản phẩm đánh dấu bước tiến mới của Nokia trong việc cung cấp các dòng điện thoại cơ bản có hỗ trợ kết nối 4G. Với thiết kế đơn giản, dễ sử dụng và tích hợp nhiều tính năng cần thiết, HMD 105 4G nhanh chóng thu hút sự chú ý của người tiêu dùng.
Thời gian ra mắt và mở bán nhanh chóng này cho thấy sự sẵn sàng của Nokia trong việc đáp ứng nhu cầu thị trường. Sản phẩm đã xuất hiện tại thị trường Việt Nam, phục vụ đông đảo người dùng, đặc biệt là những ai cần một chiếc điện thoại giá rẻ.
Nokia HMD 105 4G giá bao nhiêu tiền?
Nokia HMD 105 4G có mức giá mở bán lẻ rất hợp lý. Với mức giá này, sản phẩm hướng đến người tiêu dùng phổ thông, cần một thiết bị cơ bản nhưng vẫn đáp ứng tốt nhu cầu liên lạc. Giá bán cạnh tranh của Nokia HMD 105 giúp sản phẩm trở thành lựa chọn lý tưởng cho khách hàng có ngân sách hạn chế.
Mức giá của Nokia HMD 105 có thể thay đổi tùy theo khu vực và nhà bán lẻ, nhưng nhìn chung vẫn rất phải chăng. Điều này giúp sản phẩm tiếp cận rộng rãi hơn đến nhiều đối tượng người dùng, từ học sinh cho đến những người cao tuổi. Với những ưu điểm trên, Nokia HMD 105 4G xứng đáng là một trong số lựa chọn hàng đầu trong phân khúc điện thoại phổ thông.
Mua ngay Nokia HMD 105 4G với giá thành ưu đãi tại CellphoneS
Nokia HMD 105 4G là chiếc điện thoại phổ thông có thiết kế bền bỉ và mang trong mình hiệu suất, tính năng tuyệt vời. Để rước về tay HMD 105 4G với mức giá tốt, khách hàng hãy lựa chọn mua sắm tại hệ thống bán lẻ CellphoneS. Tại đây, khách hàng không những được đảm bảo về chất lượng sản phẩm, mà còn được tận hưởng đầy đủ quyền lợi và các chương trình ưu đãi hấp dẫn.","{""Màn hình"": [{""name"": ""Kích thước màn hình"", ""value"": ""2.4 inches""}, {""name"": ""Tính năng màn hình"", ""value"": ""QVGA""}], ""Vi xử lý & đồ họa"": [{""name"": ""Chipset"", ""value"": ""Unisoc 8910 & T127""}], ""RAM & lưu trữ"": [{""name"": ""Bộ nhớ trong"", ""value"": ""128 MB""}], ""Pin & công nghệ sạc"": [{""name"": ""Pin"", ""value"": ""1450 mAh""}, {""name"": ""Cổng sạc"", ""value"": ""USB Type-C""}], ""Thông số khác"": [{""name"": ""Chỉ số kháng nước, bụi"", ""value"": ""IP54""}], ""Giao tiếp & kết nối"": [{""name"": ""Jack tai nghe 3.5"", ""value"": ""Có""}, {""name"": ""Hỗ trợ mạng"", ""value"": ""4G""}], ""Cổng kết nối"": [{""name"": ""Bluetooth"", ""value"": ""v5.0""}]}","[""https://cdn2.cellphones.com.vn/x/media/catalog/product/n/o/nokia-hmd-105-4g_3_.png"", ""https://cdn2.cellphones.com.vn/x/media/catalog/product/n/o/nokia-hmd-105-4g_1_.png"", ""https://cdn2.cellphones.com.vn/x/media/catalog/product/n/o/nokia-hmd-105-4g_2_.png""]","{""product_color_1"": {""color"": ""Xanh"", ""image_url"": ""https://cellphones.com.vn/nokia-hmd-105-4g.html?product_id=89974"", ""price"": ""690.000₫""}, ""product_color_2"": {""color"": ""Hồng"", ""image_url"": ""https://cellphones.com.vn/nokia-hmd-105-4g.html?product_id=89973"", ""price"": ""690.000₫""}, ""product_color_3"": {""color"": ""Đen"", ""image_url"": ""https://cellphones.com.vn/nokia-hmd-105-4g.html?product_id=89971"", ""price"": ""690.000₫""}}"
Nokia 3210 4G,nokia-3210-4g,1.490.000đ,1.450.000đ,"Đặc điểm nổi bật của Nokia 3210 4G
Nokia 3210 4G được trang bị màn hình 2.4 inch QVGA, hỗ trợ kết nối 4G LTE kết hợp pin dung lượng 1450mAh cho thời gian thoại tới vài ngày. Bộ nhớ trong của máy là 128MB. Điện thoại có camera sau 2MP và chạy trên nền tảng hệ điều hành S30+.
Nội dung chính
1. Nokia 3210 4G - Điện thoại phổ thông bền bỉ, ấn tượng
1.1. Pin 1450 mAh, sử dụng tới nhiều ngày
1.2. Camera chính 2MP, đủ để ghi dấu ấn với mọi khoảnh khắc
1.3. RAM 64MB, bộ nhớ hỗ trợ tới 32GB
1.4. Màn hình 2.4 inch QVGA
1.5. Kiểu dáng quen thuộc, bền gọn chắc chắn
2. Nokia 3210 4G giá bán bao nhiêu?
3. Nokia 3210 4G khi nào ra mắt?
4. Mua ngay Nokia 3210 4G chính hãng, ưu đãi hấp dẫn tại CellphoneS
Nokia 3210 4G - Điện thoại phổ thông bền bỉ, ấn tượng
Nokia 3210 4G là một trong những sản phẩm điện thoại phổ thông phù hợp với những ai yêu thích sự đơn giản, hoài cổ và cần một chiếc điện thoại phụ để liên lạc, giải trí cơ bản. Với thiết kế ấn tượng cùng tính năng đa dạng, chắc chắn khi sở hữu và sử dụng bạn sẽ cảm nhận được sự thuận tiện.
Pin 1450 mAh, sử dụng tới nhiều ngày
Nokia 3210 4G là đại diện cho sự tái sinh công nghệ hiện đại. Với dung lượng pin 1450mAh có thể tháo rời, thiết bị này mang lại sức mạnh lớn trong một thân máy nhỏ gọn. 
Người dùng sẽ không phải lo lắng về việc sạc máy thường xuyên, với thời gian sử dụng lên đến nhiều ngày chỉ sau một lần sạc đầy hoặc lên đến 9.8 giờ đàm thoại. Điều này tạo ra một trải nghiệm thoải mái và tiện lợi, đặc biệt là đối với những người luôn di chuyển và không muốn bị gián đoạn bởi việc sạc pin thường xuyên.
Camera chính 2MP, đủ để ghi dấu ấn với mọi khoảnh khắc
Mặc dù Nokia 3210 4G không được thiết kế để đua tranh về tính năng camera cao cấp, nhưng với camera chính 2MP ở mặt sau, thiết bị vẫn mang lại những bức ảnh đáng chú ý. Chất lượng ảnh ở mức trung bình, đủ để ghi lại những khoảnh khắc hàng ngày, từ cảnh đẹp đến hình ảnh gia đình.
RAM 64MB, bộ nhớ hỗ trợ tới 32GB
Nokia 3210 4G có dung lượng bộ nhớ đủ để đáp ứng nhu cầu sử dụng hàng ngày một cách mượt mà. Với RAM 64MB, thiết bị này có thể xử lý các tác vụ cơ bản và một số ứng dụng nhẹ một cách nhanh chóng. 
Ngoài dung lượng lưu trữ 128MB, bạn hoàn toàn có thể mở rộng nhờ thẻ nhớ hỗ trợ lên đến 32GB. Điều này mang lại sự linh hoạt cho người dùng để lưu trữ nhiều hình ảnh, video và dữ liệu khác mà không lo bị thiếu không gian.
Màn hình 2.4 inch QVGA
Nokia 3210 4G được trang bị một màn hình rộng 2.4 inch, với độ phân giải QVGA, đem lại trải nghiệm hiển thị sắc nét và rõ ràng. Mặc dù không có tính năng cảm ứng, màn hình này vẫn thể hiện đầy đủ thông tin và hình ảnh một cách dễ dàng. 
Kích thước lớn của màn hình giúp người dùng dễ dàng đọc tin nhắn, duyệt web và xem các nội dung đa phương tiện một cách thoải mái, không gây mỏi mắt.
Kiểu dáng quen thuộc, bền gọn chắc chắn
Với kích thước nhỏ gọn, điện thoại dễ dàng cầm nắm bằng một tay, thuận tiện cho việc di chuyển. Màu sắc của Nokia 3210 4G đa dạng, bao gồm Đen, Xanh dương và Vàng, đem đến sự lựa chọn phù hợp với cá nhân và sở thích của người dùng.
Nokia 3210 4G giá bán bao nhiêu?
Nokia 3210 4G có giá bán thay đổi tùy theo thị trường và nhà bán lẻ. Tuy nhiên, theo thông tin mới nhất được cập nhật dưới đây là báo giá chi tiết tại các thị trường cho bạn đọc tham khảo.
- Tại Trung Quốc, giá bán là 349 NDT (tương đương khoảng 1.23 triệu đồng).
- Trên thị trường các quốc gia khác nhau, giá có thể dao động tùy vào từng cửa hàng và điều kiện thị trường cụ thể.
Những con số này cung cấp cho người dùng cái nhìn tổng quan về mức giá của sản phẩm trên các thị trường khác nhau.
Nokia 3210 4G khi nào ra mắt?
Nokia 3210 4G chính thức ra mắt vào đầu năm 2024. Tuy nhiên, trước đó, vào tháng 12 năm 2023, HMD Global đã giới thiệu sản phẩm này tại một sự kiện ở Trung Quốc. Hiện tại, điện thoại này đã có mặt trên một số thị trường như Đức, Tây Ban Nha, Vương quốc Anh và Việt Nam. Sự ra mắt của Nokia 3210 4G đã thu hút sự chú ý của người tiêu dùng và đánh dấu sự trở lại của một biểu tượng trong làng di động.
Mua ngay Nokia 3210 4G chính hãng, ưu đãi hấp dẫn tại CellphoneS
Hiện tại Nokia 3210 4G đã tái sinh với sự hỗ trợ của công nghệ hiện đại, mang lại cho bạn cảm giác quen thuộc mà không kém phần tiện ích. Với chính sách ưu đãi hấp dẫn tại CellphoneS, việc sở hữu chiếc điện thoại di động này trở nên dễ dàng hơn bao giờ hết. Đừng bỏ lỡ cơ hội sở hữu Nokia 3210 4G chính hãng với ưu đãi đặc biệt tại CellphoneS ngay hôm nay bạn nhé.","{""Màn hình"": [{""name"": ""Kích thước màn hình"", ""value"": ""2.4 inches""}, {""name"": ""Tính năng màn hình"", ""value"": ""QVGA""}], ""Camera sau"": [{""name"": ""Camera sau"", ""value"": ""2MP""}, {""name"": ""Tính năng camera"", ""value"": ""Đèn LED nhấp nháy phía sau""}], ""Vi xử lý & đồ họa"": [{""name"": ""Chipset"", ""value"": ""Unisoc T107""}], ""RAM & lưu trữ"": [{""name"": ""Bộ nhớ trong"", ""value"": ""128 MB""}], ""Pin & công nghệ sạc"": [{""name"": ""Pin"", ""value"": ""1450 mAh""}, {""name"": ""Cổng sạc"", ""value"": ""USB Type-C""}], ""Giao tiếp & kết nối"": [{""name"": ""Thẻ SIM"", ""value"": ""2 Nano-SIM""}, {""name"": ""Jack tai nghe 3.5"", ""value"": ""Có""}, {""name"": ""Hỗ trợ mạng"", ""value"": ""4G""}], ""Kích thước & Trọng lượng"": [{""name"": ""Kích thước"", ""value"": ""122 x 52 x 13,14 mm""}], ""Cổng kết nối"": [{""name"": ""Bluetooth"", ""value"": ""v5.0""}]}","[""https://cdn2.cellphones.com.vn/x/media/catalog/product/n/o/nokia-3210-4g.png"", ""https://cdn2.cellphones.com.vn/x/media/catalog/product/n/o/nokia-3210-4g_1_.png"", ""https://cdn2.cellphones.com.vn/x/media/catalog/product/n/o/nokia-3210-4g_2_.png""]","{""product_color_1"": {""color"": ""Xanh dương"", ""image_url"": ""https://cellphones.com.vn/nokia-3210-4g.html?product_id=83859"", ""price"": ""1.450.000₫""}, ""product_color_2"": {""color"": ""Đen"", ""image_url"": ""https://cellphones.com.vn/nokia-3210-4g.html?product_id=83857"", ""price"": ""1.450.000₫""}, ""product_color_3"": {""color"": ""Vàng"", ""image_url"": ""https://cellphones.com.vn/nokia-3210-4g.html?product_id=83858"", ""price"": ""1.450.000₫""}}"
