sku,name_create,content,num_star,date_time,tags
tai-nghe-khong-day-soundpeats-capsule-3-pro-plus,Lê Ngọc Sáng,sản phẩm cũng ổn,5,Đánh giá đã đăng vào 4 tháng trước,
tai-nghe-khong-day-soundpeats-capsule-3-pro-plus,Nguyễn Minh Châu,"Âm thanh và vibe overall 7/10, EQ mặc định nhạt, vừa đủ dùng, bass khá. LDAC và Hi-Res chưa test nhưng với AAC (iPhone) khá đầy đủ.",5,Đánh giá đã đăng vào 9 tháng trước,"Thời lượng pin Cực khỏe|Cảm giác đeo Vừa vặn, không đau tai|Chất âm Khá hay"
tai-nghe-khong-day-soundpeats-capsule-3-pro-plus,Tiến,"sau 1 thời gian dài trải nhiệm mình chốt lại ưu nhược điểm thế này: chất ấm rất hay (thiên về bass), có thể tuỳ chỉnh EQ để phù hợp với tai, kết nối rất nhanh và tiện (mở hộp ra là đc), chống ồn tốt, pin tốt (mình xài ngày 2-3 tiếng thôi nên thấy rất ok), app dễ dùng ko bị lỗi, tuy nhiên nhược điểm vẫn có: đeo lâu đau tai (cái này tuỳ tai, mình thấy hơi to), dù đã tắt cảm ứng chạm nhưng tai vẫn quá nhạy, mình có thói quen khi nằm nghe nhạc nhưng mỗi lần nghiêng đầu dù rất nhẹ là tai nghe tự tắt, 10 lần tắt cả 10, đây là điểm khiến mình khó chịu nhất, nếu bạn nào cũng hay nghe lúc nằm phải lưu ý khi mua",5,Đánh giá đã đăng vào 11 tháng trước,Thời lượng pin Cực khỏe|Cảm giác đeo Thoải mái|Chất âm Rất hay
tai-nghe-khong-day-soundpeats-capsule-3-pro-plus,Tiến,"sau khi trải nghiệm kỹ hơn thì đúc kết lại pin trâu, đeo lâu khá đau tai, nhiều bass quá nên mỗi lần nghe các thể loại nhạc khác nhau lại phải chỉnh, khá phiền",5,Đánh giá đã đăng vào 1 năm trước,Thời lượng pin Cực khỏe|Cảm giác đeo Thoải mái|Chất âm Khá hay
tai-nghe-khong-day-soundpeats-capsule-3-pro-plus,Tiến,"âm thanh hay nhưng thiên rất nhiều về bass ae lưu ý, nghe quá lâu có thể choáng, có thể chỉnh trong app nên có vấn đề, có thể bật tắt cảm ứng, cái này t đánh giá cao vì có thể đeo lúc nằm, pin ko để ý lắm vì t chỉ nghe trong 3h, hi vọng dùng lâu ko xảy ra tình trạng rè",5,Đánh giá đã đăng vào 1 năm trước,Thời lượng pin Cực khỏe|Cảm giác đeo Rất thoải mái|Chất âm Rất hay
tai-nghe-khong-day-soundpeats-capsule-3-pro-plus,Trần Đình Hưng,"Âm thanh đc nâng cấp so với đời trước, tách bạch rõ ràng hơn. App mới dùng oke tùy chỉnh đc nhiều hơn so với app cũ.",5,Đánh giá đã đăng vào 1 năm trước,Thời lượng pin Khá tốt|Cảm giác đeo Rất thoải mái|Chất âm Rất hay
tai-nghe-khong-day-soundpeats-air-4-pro,Nguyễn Hữu Thọ,"Chất lượng âm ổn nhưng pin lỗi. Trước mua air3 6 tháng lỗi pin tai trái 15p là hết, đổi sang con này vừa hết bảo hành cũng bị lỗi đó. Không biết do hãng đểu hay hàng đểu. Ai chấp nhận có thể hết bảo hành vứt đi thì mua (do rẻ nên không hỗ trợ gửi hãng sửa đâu)",4,Đánh giá đã đăng vào 9 tháng trước,Thời lượng pin Rất yếu|Cảm giác đeo Thoải mái|Chất âm Khá hay
tai-nghe-khong-day-soundpeats-air-4-pro,Nguyễn Trọng Trường,Không có,5,Đánh giá đã đăng vào 11 tháng trước,
tai-nghe-khong-day-soundpeats-air-4-pro,Lê Minh Tuấn Đạt,"giao tiếp tốt, tư vấn nhiệt tình",5,Đánh giá đã đăng vào 1 năm trước,Thời lượng pin Cực khỏe|Cảm giác đeo Rất thoải mái|Chất âm Rất hay
tai-nghe-khong-day-soundpeats-air-4-pro,Nguyễn Văn Hiệu,Trong tầm giá sale lanh quanh khoảng trên dưới 1tr thì mọi thứ đều ở mức ok,5,Đánh giá đã đăng vào 1 năm trước,Thời lượng pin Vừa đủ dùng|Cảm giác đeo Rất thoải mái|Chất âm Rất hay
tai-nghe-khong-day-soundpeats-air-4-pro,Nguyễn Văn Hiệu,Trong tầm giá sale 990k,5,Đánh giá đã đăng vào 1 năm trước,Thời lượng pin Vừa đủ dùng|Cảm giác đeo Thoải mái|Chất âm Rất hay
tai-nghe-khong-day-soundpeats-air-4-pro,Đông Võ Văn,"nghe ổn, chất âm tốt so với mặt bằng giá thì t thấy khá ổn. Nhưng làm sao để tắc chế độ 2 kết nối 2 thiệt bị khi mình quên thiết bị nào đã kết nối vậy ạ, thanks",4,Đánh giá đã đăng vào 1 năm trước,Thời lượng pin Cực khỏe|Cảm giác đeo Rất thoải mái|Chất âm Rất hay
tai-nghe-khong-day-soundpeats-air-4-pro,Chị Mai Linh,"Tai nghe khả năng kết nối bluetooth đôi khi bị nhiễu và không mượt, mình có 2 cặp tai này đều bị vậy nên đôi khi dùng khá bất tiện",5,Đánh giá đã đăng vào 1 năm trước,
tai-nghe-khong-day-soundpeats-air-4-pro,Thanh Tùng,Trên web thấy để mua màn hình tặng bộ lau màn hình mà lúc e mua thì ko có,4,Đánh giá đã đăng vào 1 năm trước,
tai-nghe-khong-day-soundpeats-air-4-pro,Thanh Tùng,Trên web thấy để mua màn hình tặng bộ lau màn hình mà lúc e mua thì ko có,4,Đánh giá đã đăng vào 1 năm trước,
tai-nghe-khong-day-soundpeats-air-4-pro,Nguyên Minh Trung,OK sản phẩm tốt,5,Đánh giá đã đăng vào 1 năm trước,Thời lượng pin Cực khỏe|Cảm giác đeo Rất thoải mái|Chất âm Rất hay
tai-nghe-khong-day-soundpeats-air-4-pro,DƯƠNG GIA HUY,Dịch vụ chăm sóc khách hàng tốt,5,Đánh giá đã đăng vào 1 năm trước,
tai-nghe-khong-day-soundpeats-air-4-pro,DƯƠNG GIA HUY,Dịch vụ chăm sóc khách hàng tốt,5,Đánh giá đã đăng vào 1 năm trước,
tai-nghe-khong-day-soundpeats-air-4-pro,DƯƠNG GIA HUY,Dịch vụ chăm sóc khách hàng tốt,5,Đánh giá đã đăng vào 1 năm trước,
tai-nghe-khong-day-soundpeats-air-4-pro,Hưng Gia,Rất hài lòng về giá cả/chất lượng cũng như cách phục vụ của cửa hàng,5,Đánh giá đã đăng vào 1 năm trước,Thời lượng pin Cực khỏe|Cảm giác đeo Rất thoải mái|Chất âm Rất hay
tai-nghe-khong-day-soundpeats-air-4-pro,Lê Hoàng Phúc,"Mình đã trải nghiệm tầm 7 tháng và cảm thấy chất âm chiếc này khá hay, đặc biệt là âm trầm rất dày và lực, bass đánh mà rung lồng ngực, rung lan xuống tới chân luôn á kk.",5,Đánh giá đã đăng vào 1 năm trước,Thời lượng pin Cực khỏe|Cảm giác đeo Rất thoải mái|Chất âm Rất hay
tai-nghe-khong-day-soundpeats-air-4-pro,Vũ Hồng Ngân,"Hơi tiếc tính năng kết nối 2 thiết bị, ko thể bật 2 cái cùng lúc",5,Đánh giá đã đăng vào 1 năm trước,
tai-nghe-khong-day-soundpeats-air-4-pro,Nguyễn Vĩnh Lâm,"Tốt. Âm thanh to rõ, ko bị rè",5,Đánh giá đã đăng vào 1 năm trước,Thời lượng pin Cực khỏe|Cảm giác đeo Rất thoải mái|Chất âm Rất hay
tai-nghe-khong-day-soundpeats-air-4-pro,linh huynh,"Giao hàng nhanh,uy tín, sản phẩm OK đúng với giá tiền.",5,Đánh giá đã đăng vào 1 năm trước,Thời lượng pin Cực khỏe|Cảm giác đeo Rất thoải mái|Chất âm Rất hay
tai-nghe-khong-day-soundpeats-air-4-pro,Trần Trọng Thủy,"Sản phẩm chính hãng, giá bán hợp lý",5,Đánh giá đã đăng vào 1 năm trước,
tai-nghe-khong-day-soundpeats-air-4-pro,Trần Trọng Thủy,"Sản phẩm chính hãng, giá bán hợp lý",5,Đánh giá đã đăng vào 1 năm trước,
tai-nghe-khong-day-soundpeats-air-4-pro,Lê Trung Hoà,sẽ mua và quay lại đánh giá sau,5,Đánh giá đã đăng vào 1 năm trước,Thời lượng pin Cực khỏe|Cảm giác đeo Rất thoải mái|Chất âm Rất hay
tai-nghe-khong-day-soundpeats-air-4-pro,NguyenDucAnhTai,Tốt,5,Đánh giá đã đăng vào 1 năm trước,
tai-nghe-khong-day-soundpeats-air-4-pro,NguyenDucAnhTai,Tốt,5,Đánh giá đã đăng vào 1 năm trước,
tai-nghe-khong-day-soundpeats-air-4-pro,Hưng,Nhân viên rất nhiệt tình chu đáo,5,Đánh giá đã đăng vào 1 năm trước,
tai-nghe-khong-day-soundpeats-air-4-pro,Hưng,Nhân viên rất nhiệt tình chu đáo,5,Đánh giá đã đăng vào 1 năm trước,
tai-nghe-khong-day-soundpeats-air-4-pro,Trương Xuân Nam,Rất hài lòng về thái độ phục vụ của nhân viên!,5,Đánh giá đã đăng vào 1 năm trước,Thời lượng pin Cực khỏe|Cảm giác đeo Rất thoải mái|Chất âm Rất hay
tai-nghe-khong-day-soundpeats-air-4-pro,Hồng Phúc,Mới mua mình khá hài lòng về sản phẩm với chất lượng so với giá tiền,5,Đánh giá đã đăng vào 1 năm trước,"Thời lượng pin Cực khỏe|Cảm giác đeo Vừa vặn, không đau tai|Chất âm Rất hay"
tai-nghe-khong-day-soundpeats-air-4-pro,Nguyên Hồ,"Chỉ kết nối được với điện thoại còn laptop mình không kết nối được, bên mình có hỗ trợ đổi mới nếu có lỗi này không nhỉ?",4,Đánh giá đã đăng vào 1 năm trước,Thời lượng pin Cực khỏe|Cảm giác đeo Rất thoải mái|Chất âm Rất hay
tai-nghe-khong-day-soundpeats-air-4-pro,Tiệp Trịnh,"Mk có đặt lại 1 đơn sau khi hủy nhưng mà quay lại thấy đơn hủy lại là chờ xác nhận, thành ra bị 2 đơn trùng nhau, shop hủy giúp mk đơn cũ với nhé",5,Đánh giá đã đăng vào 1 năm trước,Thời lượng pin Cực khỏe|Cảm giác đeo Rất thoải mái|Chất âm Rất hay
tai-nghe-khong-day-soundpeats-air-4-pro,Công Bùi,sao pin đc 3 tiếng là ngỏm củ tỏi rồi nhỉ? nhanh hết pin quá. hôm con cyber gearr kia xài nửa ngày ko thấy hết pin mà con này pin hẻo quá. bảo 6h cơ mà nhỉ?,5,Đánh giá đã đăng vào 1 năm trước,Thời lượng pin Cực khỏe|Cảm giác đeo Rất thoải mái|Chất âm Rất hay
tai-nghe-khong-day-soundpeats-air-4-pro,Vĩnh Phú,Nhân viên tư vấn rất nhiệt tình,5,Đánh giá đã đăng vào 1 năm trước,
tai-nghe-khong-day-soundpeats-air-4-pro,Võ Thành Long,Xài rất ok . Đáng đồng tiền . Nếu k quá khắc khe về âm thanh,5,Đánh giá đã đăng vào 1 năm trước,Thời lượng pin Cực khỏe|Cảm giác đeo Rất thoải mái|Chất âm Rất hay
tai-nghe-khong-day-soundpeats-air-4-pro,Cảnh Lio,"Tai nghe tốt, nhân viên nhiệt tình.",5,Đánh giá đã đăng vào 2 năm trước,Thời lượng pin Khá tốt|Cảm giác đeo Rất thoải mái|Chất âm Ổn định
tai-nghe-khong-day-soundpeats-air-4-pro,Vinh Quoc,"Chất âm rất hay, bass ấm, pin trâu, giá lại rẻ nữa. Hãng Soundpeats mình đã dùng lâu nên không có gì để chê.",5,Đánh giá đã đăng vào 2 năm trước,Thời lượng pin Cực khỏe|Cảm giác đeo Rất thoải mái|Chất âm Rất hay
tai-nghe-khong-day-soundpeats-air-4-pro,Minh Duc,"Tốt, đáng tiền!",5,Đánh giá đã đăng vào 2 năm trước,Thời lượng pin Cực khỏe|Cảm giác đeo Rất thoải mái|Chất âm Rất hay
tai-nghe-khong-day-soundpeats-air-4-pro,Bảo Khánh,Ổn . Nhân viên bán hàng cửa hàng tốt. Nhưng bạn nhân viên ngân hàng phiền quá .,5,Đánh giá đã đăng vào 2 năm trước,Thời lượng pin Cực khỏe|Cảm giác đeo Rất thoải mái|Chất âm Rất hay
tai-nghe-khong-day-soundpeats-pop-clip,ĐINH CÔNG THẮNG,"đeo êm k bị cấn , âm thanh nghe ổn",5,Đánh giá đã đăng vào 3 tháng trước,Thời lượng pin Cực khỏe|Cảm giác đeo Rất thoải mái|Chất âm Rất hay
tai-nghe-khong-day-soundpeats-pop-clip,Nguyễn Thành Tài,"hiện tại thấy chất âm khá ổn, khi nào có lỗi thì tính tiếp :v",5,Đánh giá đã đăng vào 5 tháng trước,
tai-nghe-khong-day-soundpeats-pop-clip,Lê Hữu Minh,Jjjji,5,Đánh giá đã đăng vào 1 năm trước,
tai-nghe-khong-day-soundpeats-pop-clip,Lê Hữu Minh,Jjjji,5,Đánh giá đã đăng vào 1 năm trước,
tai-nghe-khong-day-soundpeats-pearclip-pro,Việt,Thiết kế trang web k muốn bán hàng hay gì hả shop. Muốn đặt hàng cũng k đc. Trải nghiệm 0*,5,Đánh giá đã đăng vào 1 tháng trước,Thời lượng pin Cực khỏe|Cảm giác đeo Rất thoải mái|Chất âm Rất hay
tai-nghe-chup-tai-soundpeats-space-pro,Quang Nhật,trải nghiệm tốt,5,Đánh giá đã đăng vào 2 tháng trước,Thời lượng pin Cực khỏe|Cảm giác đeo Rất thoải mái|Chất âm Rất hay
tai-nghe-bluetooth-soundpeats-t3-pro,Phuc Loc,Nhân viên rất nhiệt tình với khách tư vấn tốt,5,Đánh giá đã đăng vào 1 tháng trước,Thời lượng pin Cực khỏe|Cảm giác đeo Rất thoải mái|Chất âm Rất hay
tai-nghe-bluetooth-soundpeats-t3-pro,Dương Ngô Chính,khá ngon trong tầm giá,5,Đánh giá đã đăng vào 3 tháng trước,
tai-nghe-bluetooth-soundpeats-t3-pro,Phan Minh Hùng,"tốt , chất âm rất oke, ngon với giá tiền bỏ ra",5,Đánh giá đã đăng vào 3 tháng trước,
tai-nghe-bluetooth-soundpeats-t3-pro,Toàn Phạm,Sản phẩm lỗi chỉ nghe được 1 bên,5,Đánh giá đã đăng vào 4 tháng trước,Thời lượng pin Cực khỏe|Cảm giác đeo Rất thoải mái|Chất âm Rất hay
tai-nghe-bluetooth-soundpeats-t3-pro,duong toan,có ship kh v sốp,5,Đánh giá đã đăng vào 4 tháng trước,
tai-nghe-bluetooth-soundpeats-t3-pro,Thanh Phong,"Đặt rồi, ghi rõ địa chỉ mà shipper lộn khu vực, xong hẹn lại một cách hơi khó chịu, hẹn hôm sau mới giao và cúp ngang máy khi đang liên hệ khách hàng",5,Đánh giá đã đăng vào 5 tháng trước,Thời lượng pin Cực khỏe|Cảm giác đeo Rất thoải mái|Chất âm Rất hay
tai-nghe-bluetooth-soundpeats-t3-pro,Thùy It Chiuyi,Tai nghe chất lượng tốt. Rất đáng mua,5,Đánh giá đã đăng vào 6 tháng trước,Thời lượng pin Cực khỏe|Cảm giác đeo Rất thoải mái|Chất âm Rất hay
tai-nghe-bluetooth-soundpeats-t3-pro,Đặng Nghiêm Thanh Khoa,tai nghe tốt anc đỉnh cảm ứng nhạy mở phát là tự kết nối thời gian sử dụng rất lâu đeo lâu lâu thì mới bị đau tai bass to kết nối 10m nói chung là đáng mua với giá tiền và rất hài lòng,5,Đánh giá đã đăng vào 6 tháng trước,Thời lượng pin Cực khỏe|Cảm giác đeo Thoải mái|Chất âm Rất hay
tai-nghe-bluetooth-soundpeats-t3-pro,Triệu Tông,Tai nghe dùng rất ổn giao hàng nhanh ạ,5,Đánh giá đã đăng vào 9 tháng trước,Thời lượng pin Cực khỏe|Cảm giác đeo Rất thoải mái|Chất âm Rất hay
tai-nghe-bluetooth-soundpeats-t3-pro,Trần Minh Đức,Trải nghiệm tuyệt vời,5,Đánh giá đã đăng vào 10 tháng trước,
tai-nghe-bluetooth-soundpeats-t3-pro,Cương,Cần tư vấn,4,Đánh giá đã đăng vào 10 tháng trước,
tai-nghe-bluetooth-soundpeats-t3-pro,Thương Trần xuân,nhận bán hàng hỗ trợ nhiệt tình dễ mến,5,Đánh giá đã đăng vào 10 tháng trước,Thời lượng pin Cực khỏe|Cảm giác đeo Rất thoải mái|Chất âm Rất hay
tai-nghe-bluetooth-soundpeats-t3-pro,Tùng,"nhân viên nhiệt tình, chăm sóc khách hàng tốt, bảo hành sản phẩm tốt",5,Đánh giá đã đăng vào 11 tháng trước,
tai-nghe-bluetooth-soundpeats-t3-pro,Nguyễn Đoàn Tuấn Vũ,"tai nghe êm tai, nghe to và rõ.Chống ồn tốt.",5,Đánh giá đã đăng vào 11 tháng trước,Thời lượng pin Cực khỏe|Cảm giác đeo Rất thoải mái|Chất âm Rất hay
tai-nghe-bluetooth-soundpeats-t3-pro,Thế Hoàng,Sàn phẩn tốt nghe ổn với tầm giá,5,Đánh giá đã đăng vào 11 tháng trước,
tai-nghe-bluetooth-soundpeats-t3-pro,Thắng Nguyễn,Tai nghe ko áp tai. Đang đeo nghe ko đụng chạm gì cũng bị tụt ra ngoài.,4,Đánh giá đã đăng vào 11 tháng trước,
tai-nghe-bluetooth-soundpeats-t3-pro,Đức Mạnh Nguyễn,Hài lòng,5,Đánh giá đã đăng vào 11 tháng trước,
tai-nghe-bluetooth-soundpeats-t3-pro,Lưu Bình,Tốt,5,Đánh giá đã đăng vào 11 tháng trước,
tai-nghe-bluetooth-soundpeats-t3-pro,Dương Phước Đức,,4,Đánh giá đã đăng vào 11 tháng trước,
tai-nghe-bluetooth-soundpeats-t3-pro,Lưu Bình,Tốt,5,Đánh giá đã đăng vào 11 tháng trước,
tai-nghe-bluetooth-soundpeats-t3-pro,Dương Phước Đức,,4,Đánh giá đã đăng vào 11 tháng trước,
tai-nghe-bluetooth-soundpeats-t3-pro,Lưu Bình,Tốt,5,Đánh giá đã đăng vào 11 tháng trước,
tai-nghe-bluetooth-soundpeats-t3-pro,Dương Phước Đức,,4,Đánh giá đã đăng vào 11 tháng trước,
tai-nghe-bluetooth-soundpeats-t3-pro,Nguyễn Thị Kim Phụng,Anh Dũng ở 241 Lê văn việt hỗ trợ rất tốt luôn ạ tai nghe êm,5,Đánh giá đã đăng vào 11 tháng trước,Thời lượng pin Cực khỏe|Cảm giác đeo Rất thoải mái|Chất âm Rất hay
tai-nghe-bluetooth-soundpeats-t3-pro,Nguyễn Thế Nam,"Nhân viên thân thiện, nhiệt tình. Ủng hộ mua cho lần sau",5,Đánh giá đã đăng vào 11 tháng trước,
tai-nghe-bluetooth-soundpeats-t3-pro,Nguyễn Quốc Bảo,Phù hợp với mức giá,5,Đánh giá đã đăng vào 11 tháng trước,Thời lượng pin Cực khỏe|Cảm giác đeo Thoải mái|Chất âm Rất hay
tai-nghe-bluetooth-soundpeats-t3-pro,Nguyễn Văn Thắng,Giao rất nhanh. Đóng gói cẩn thận.,5,Đánh giá đã đăng vào 1 năm trước,Thời lượng pin Cực khỏe|Cảm giác đeo Rất thoải mái|Chất âm Rất hay
tai-nghe-bluetooth-soundpeats-t3-pro,Duy,tai nghe lỗi mà shop xa kh bảo hành dc,5,Đánh giá đã đăng vào 1 năm trước,
tai-nghe-bluetooth-soundpeats-t3-pro,Anh nguyên,"Tai nghe cách âm tốt , lọc tiếng gió tiếng ồn tốt, pin khá trâu 5 7 tiếng tùy có bật anc k.",4,Đánh giá đã đăng vào 1 năm trước,Thời lượng pin Cực khỏe|Cảm giác đeo Rất thoải mái|Chất âm Rất hay
tai-nghe-bluetooth-soundpeats-t3-pro,Quốc Long,"Shop hẹn giao 11h30 nhưng giao trong 30p, rất hài lòng về dịch vụ.",5,Đánh giá đã đăng vào 1 năm trước,Thời lượng pin Cực khỏe|Cảm giác đeo Rất thoải mái|Chất âm Rất hay
tai-nghe-bluetooth-soundpeats-t3-pro,Duy,Sao sạc pin dc 1-2 phút r nó dừng v dù hết pin r,5,Đánh giá đã đăng vào 1 năm trước,Thời lượng pin Cực khỏe|Cảm giác đeo Rất thoải mái|Chất âm Rất hay
tai-nghe-bluetooth-soundpeats-t3-pro,Quyên tuấn,Chất lượng tốt.. giao hàng nhanh nv chăm sóc nhiệt tình.. tạm thời chưa phát hiện lỗi.. nói chung quá tốt với giá 390k,5,Đánh giá đã đăng vào 1 năm trước,Thời lượng pin Cực khỏe|Cảm giác đeo Rất thoải mái|Chất âm Rất hay
tai-nghe-bluetooth-soundpeats-t3-pro,Đàm Chí Nguyen,10 điểm hong có nhưng,4,Đánh giá đã đăng vào 1 năm trước,Thời lượng pin Khá tốt|Cảm giác đeo Rất thoải mái|Chất âm Khá hay
tai-nghe-bluetooth-soundpeats-t3-pro,Nguyễn Phúc,Pin dùng hao nhanh.,5,Đánh giá đã đăng vào 1 năm trước,Thời lượng pin Vừa đủ dùng|Cảm giác đeo Rất thoải mái|Chất âm Rất hay
tai-nghe-bluetooth-soundpeats-t3-pro,Phuong Hoang,,5,Đánh giá đã đăng vào 1 năm trước,
tai-nghe-bluetooth-soundpeats-t3-pro,LÊ HOÀNG ANH,Không,5,Đánh giá đã đăng vào 1 năm trước,
tai-nghe-bluetooth-soundpeats-t3-pro,Le Van,Bass ngon khi nghe edm...chống ồn ANC tốt,4,Đánh giá đã đăng vào 1 năm trước,Thời lượng pin Cực khỏe|Cảm giác đeo Thoải mái|Chất âm Khá hay
tai-nghe-bluetooth-soundpeats-t3-pro,Nguyễn Trung Kiên,Nhân viên nhiệt tình giao hàng nhanh sản phẩm tốt,5,Đánh giá đã đăng vào 1 năm trước,Thời lượng pin Cực khỏe|Cảm giác đeo Rất thoải mái|Chất âm Rất hay
tai-nghe-bluetooth-soundpeats-t3-pro,Anh Đức,trên cả tuyệt vời,5,Đánh giá đã đăng vào 1 năm trước,Thời lượng pin Cực khỏe|Cảm giác đeo Rất thoải mái|Chất âm Rất hay
tai-nghe-bluetooth-soundpeats-t3-pro,Châu Vũ Ril,"Giao hàng hơi lâu, cần cải thiện",5,Đánh giá đã đăng vào 1 năm trước,
tai-nghe-bluetooth-soundpeats-t3-pro,Vũ Vương,Tai nghe ok quá,5,Đánh giá đã đăng vào 1 năm trước,Thời lượng pin Cực khỏe|Cảm giác đeo Rất thoải mái|Chất âm Rất hay
tai-nghe-bluetooth-soundpeats-t3-pro,Đỗ Nguyễn Vinh Quang,tất cả đều ổn trừ phần play/pause khá là delay,5,Đánh giá đã đăng vào 1 năm trước,Thời lượng pin Cực khỏe|Cảm giác đeo Rất thoải mái|Chất âm Rất hay
tai-nghe-bluetooth-soundpeats-t3-pro,T Tâm,Hợp với tầm giá,5,Đánh giá đã đăng vào 1 năm trước,Thời lượng pin Cực khỏe|Cảm giác đeo Rất thoải mái|Chất âm Rất hay
tai-nghe-bluetooth-soundpeats-t3-pro,Trần Chí Hiếu,"Sản phẩm tốt, nhân viên tư vấn nhiệt tình. Rất hài lòng",5,Đánh giá đã đăng vào 1 năm trước,Thời lượng pin Cực khỏe|Cảm giác đeo Rất thoải mái|Chất âm Rất hay
tai-nghe-bluetooth-soundpeats-t3-pro,Quang Nguyen,"Loa hay, nghe rõ từng tiếng nhạc cụ nhưng âm bass k mạnh. Quá ok trong tầm giá",5,Đánh giá đã đăng vào 1 năm trước,Thời lượng pin Cực khỏe|Cảm giác đeo Rất thoải mái|Chất âm Rất hay
tai-nghe-bluetooth-soundpeats-t3-pro,NGUYỄN HỮU THUẬN,"Ổn áp, chất lượng",5,Đánh giá đã đăng vào 1 năm trước,Thời lượng pin Cực khỏe|Cảm giác đeo Rất thoải mái|Chất âm Rất hay
tai-nghe-bluetooth-soundpeats-t3-pro,Nguyễn Thanh Quang,nghe ok..mẫu đẹp,5,Đánh giá đã đăng vào 1 năm trước,Thời lượng pin Cực khỏe|Cảm giác đeo Rất thoải mái|Chất âm Rất hay
tai-nghe-bluetooth-soundpeats-t3-pro,Em Phúc,sản phẩm tuyệt vời,5,Đánh giá đã đăng vào 1 năm trước,Thời lượng pin Cực khỏe|Cảm giác đeo Rất thoải mái|Chất âm Rất hay
tai-nghe-bluetooth-soundpeats-t3-pro,PHẠM CÔNG TÂM,Loa nghe ok nha các bác,5,Đánh giá đã đăng vào 1 năm trước,Thời lượng pin Cực khỏe|Cảm giác đeo Rất thoải mái|Chất âm Rất hay
tai-nghe-bluetooth-soundpeats-t3-pro,Nguyễn Anh Minh,Ổn trong tầm giá,5,Đánh giá đã đăng vào 1 năm trước,Thời lượng pin Cực khỏe|Cảm giác đeo Rất thoải mái|Chất âm Rất hay
tai-nghe-khong-day-soundpeats-runfree-lite-2,Natalia,"Mình đã mua laptop tại cửa hàng, rất hài lòng. Nhân viên bán hàng rất nhiệt tình và dễ thương.",5,Đánh giá đã đăng vào 9 tháng trước,
tai-nghe-khong-day-soundpeats-runfree-lite-2,Nguyễn Trí Nhân,"Âm thanh ổn khi nghe nhạc, nghe truyện, sách nói thì không được thanh lắm. Thời lượng pin khá là oke có điều là khi stand by không làm gì cả vẫn tốn kha khá pin không giống các loại in ear mà mình từng dùng.",5,Đánh giá đã đăng vào 1 năm trước,Thời lượng pin Khá tốt|Cảm giác đeo Thoải mái|Chất âm Khá hay
tai-nghe-khong-day-soundpeats-runfree-lite-2,Trương Quốc Khánh,Đeo khoảng 15 là đau tai,5,Đánh giá đã đăng vào 1 năm trước,Thời lượng pin Vừa đủ dùng|Cảm giác đeo Không thoải mái|Chất âm Khá hay
tai-nghe-khong-day-soundpeats-runfree-lite-2,Hồ Vinh,Không,5,Đánh giá đã đăng vào 1 năm trước,
tai-nghe-khong-day-soundpeats-runfree-lite-2,Hồ Vinh,Không,5,Đánh giá đã đăng vào 1 năm trước,
tai-nghe-khong-day-soundpeats-runfree-lite-2,Hồ Vinh,Không,5,Đánh giá đã đăng vào 1 năm trước,
tai-nghe-khong-day-soundpeats-air-5-pro,Nguyễn Tiến Thắng,Sản phẩm mới mua đã lỗi. Bảo hành thì lâu 15 ngày chưa có kết quả. Gọi tổng đài thì báo hãng chưa kết luân. Không hiểu luôn,5,Đánh giá đã đăng vào 4 tháng trước,Thời lượng pin Cực khỏe|Cảm giác đeo Rất thoải mái|Chất âm Rất hay
tai-nghe-khong-day-soundpeats-clear,Nguyên Hoài,"Cái hộp tai nghe nó bóng mà mình thấy sợ nó trầy vãi, thiết kế đẹp xịn chất âm 85% với jbl wave beam 2",5,Đánh giá đã đăng vào 1 tháng trước,Thời lượng pin Cực khỏe|Cảm giác đeo Rất thoải mái|Chất âm Rất hay
tai-nghe-khong-day-soundpeats-clear,Nguyễn Văn Đỗ Hải,"nói chung oke, nghe hay",5,Đánh giá đã đăng vào 1 năm trước,Thời lượng pin Cực khỏe|Cảm giác đeo Rất thoải mái|Chất âm Rất hay
tai-nghe-khong-day-soundpeats-clear,Nguyễn thế trường hải,Nếu sản phẩm nào cũng test được thì tuyệt vời,5,Đánh giá đã đăng vào 1 năm trước,
tai-nghe-khong-day-soundpeats-clear,Đạt Nguyễn,Tai nghe vừa tầm với giá tiền âm tốt nghe tất cả loại nhạc và shop giao hàng rất nhanh lần đầu mua onl của cellphones 5*,5,Đánh giá đã đăng vào 1 năm trước,Thời lượng pin Cực khỏe|Cảm giác đeo Rất thoải mái|Chất âm Rất hay
tai-nghe-khong-day-soundpeats-clear,Sáng Nguyễn Tiến,"Chất âm ổn trong tầm giá , nhân viên thân thiện.",5,Đánh giá đã đăng vào 1 năm trước,Thời lượng pin Cực khỏe|Cảm giác đeo Rất thoải mái|Chất âm Rất hay
tai-nghe-khong-day-soundpeats-clear,Anh hoàng diệm,Mới đến shop hôm nay nhân viên nhiệt tình .tai phone nghe hay,5,Đánh giá đã đăng vào 1 năm trước,Thời lượng pin Cực khỏe|Cảm giác đeo Rất thoải mái|Chất âm Rất hay
tai-nghe-khong-day-soundpeats-clear,HỒ SỸ ĐOÀI,Tai nghe rất tốt hay,5,Đánh giá đã đăng vào 1 năm trước,Thời lượng pin Cực khỏe|Cảm giác đeo Rất thoải mái|Chất âm Rất hay
tai-nghe-khong-day-soundpeats-clear,Lê Trần Duy Khang,hay lắm ạ! pin trâu driver 13mm nghe hay,5,Đánh giá đã đăng vào 1 năm trước,Thời lượng pin Khá tốt|Cảm giác đeo Rất thoải mái|Chất âm Rất hay
tai-nghe-khong-day-soundpeats-clear,Hoang Huy,10đ khum có nhưng,5,Đánh giá đã đăng vào 1 năm trước,Thời lượng pin Cực khỏe|Cảm giác đeo Rất thoải mái|Chất âm Rất hay
tai-nghe-khong-day-soundpeats-clear,Nguyễn Thanh Thiên Chương,,5,Đánh giá đã đăng vào 1 năm trước,
tai-nghe-bluetooth-soundpeats-free-2-classic,Anh Nhật,nhân viên thân thiện,5,Đánh giá đã đăng vào 2 tháng trước,Thời lượng pin Cực khỏe|Cảm giác đeo Rất thoải mái|Chất âm Rất hay
tai-nghe-bluetooth-soundpeats-free-2-classic,Khanh Tang Tran,Hệ thống quá tuyệt vời.hi vọng CellphoneS giữ vững phong độ và phát triển bền vững,5,Đánh giá đã đăng vào 11 tháng trước,
tai-nghe-bluetooth-soundpeats-free-2-classic,Minh Duy,nghe bass đã căng nhân viên nhiệt tình cui vẻ hòa đồng,5,Đánh giá đã đăng vào 1 năm trước,Thời lượng pin Cực khỏe|Cảm giác đeo Rất thoải mái|Chất âm Rất hay
tai-nghe-bluetooth-soundpeats-free-2-classic,Lữ Văn Núi,Ship nhanh nghe OK pin trâu,5,Đánh giá đã đăng vào 1 năm trước,Thời lượng pin Cực khỏe|Cảm giác đeo Rất thoải mái|Chất âm Rất hay
tai-nghe-bluetooth-soundpeats-free-2-classic,Vũ Như Tùng,Giao hàng nhanh chuẩn,5,Đánh giá đã đăng vào 1 năm trước,Thời lượng pin Cực khỏe|Cảm giác đeo Rất thoải mái|Chất âm Rất hay
tai-nghe-bluetooth-soundpeats-free-2-classic,Huỳnh Trung Đức,"Nghe gọi ok, nhma nghe nhạc xem phim hơi chán",5,Đánh giá đã đăng vào 1 năm trước,Thời lượng pin Cực khỏe|Cảm giác đeo Rất thoải mái|Chất âm Ổn định
tai-nghe-bluetooth-soundpeats-free-2-classic,PHONG,"sản phẩm tốt, đẹp",4,Đánh giá đã đăng vào 1 năm trước,Thời lượng pin Cực khỏe|Cảm giác đeo Rất thoải mái|Chất âm Rất hay
tai-nghe-bluetooth-soundpeats-free-2-classic,Duy Phan Gia,"Chất âm ổn trong tầm giá, mạnh về âm bass, nhưng mà có một điểm trừ là sẽ tự reset lại âm lượng lên 100% mỗi khi kết nối với laptop, nhiều lúc gấp gáp cần tai nghe kết nối laptop nếu đang bật âm thanh thì sẽ bị điếc cả tai vì vấn đề này.",4,Đánh giá đã đăng vào 1 năm trước,Thời lượng pin Cực khỏe|Cảm giác đeo Rất thoải mái|Chất âm Rất hay
tai-nghe-bluetooth-soundpeats-free-2-classic,Dương Quốc Khang,,5,Đánh giá đã đăng vào 1 năm trước,
tai-nghe-bluetooth-soundpeats-free-2-classic,Dương Quốc Khang,,5,Đánh giá đã đăng vào 1 năm trước,
tai-nghe-bluetooth-soundpeats-free-2-classic,Dương Quốc Khang,"Do tai nghe ra mắt đã lâu và để lâu nên chân sạc bị oxy hoá biến đổi màu ở cái phần tiếp xúc vs đóc sạc pin, còn lại thì mọi thứ rất ổn, chất âm tốt, pin trâu, cảm ứng mượt.",4,Đánh giá đã đăng vào 1 năm trước,Thời lượng pin Cực khỏe|Cảm giác đeo Rất thoải mái|Chất âm Rất hay
tai-nghe-bluetooth-soundpeats-free-2-classic,Hoàng Gia Huy,Sản phẩm rất ưng ý,5,Đánh giá đã đăng vào 1 năm trước,
tai-nghe-bluetooth-soundpeats-free-2-classic,nguyen phuong,Chất âm nghe ổn,5,Đánh giá đã đăng vào 1 năm trước,Thời lượng pin Cực khỏe|Cảm giác đeo Rất thoải mái|Chất âm Rất hay
tai-nghe-bluetooth-soundpeats-free-2-classic,Phạm Duy Khánh,"Mình xài được 1 năm, lúc đầu đeo chưa quen tai nên hơi đau, đeo lâu dần quen, đeo vào không nghe bên ngoài nói gì, chất âm ổn, sau 1 năm thì tai nghe của mình bị hiện tượng bên to bên nhỏ,  tìm cách fix tùm lum rồi mà ko sửa đc",4,Đánh giá đã đăng vào 2 năm trước,"Thời lượng pin Cực khỏe|Cảm giác đeo Vừa vặn, không đau tai|Chất âm Ổn định"
tai-nghe-bluetooth-soundpeats-free-2-classic,undefined,Vừa mua tai nghe bắt sóng yếu hay bị nhiễu hầu như không có chức năng gì đặt biệt khá chát,5,Đánh giá đã đăng vào 2 năm trước,Thời lượng pin Cực khỏe|Cảm giác đeo Rất thoải mái|Chất âm Rất hay
tai-nghe-bluetooth-soundpeats-free-2-classic,Nam Hoàng,Okkkkkkkkkkkkkkkkk,5,Đánh giá đã đăng vào 2 năm trước,Thời lượng pin Cực khỏe|Cảm giác đeo Rất thoải mái|Chất âm Rất hay
tai-nghe-bluetooth-soundpeats-free-2-classic,Lê Minh Phước,"Tai nghe ổn chất âm cân bằng, đeo rất thoải mái, thiết kế đẹp",5,Đánh giá đã đăng vào 2 năm trước,Thời lượng pin Cực khỏe|Cảm giác đeo Rất thoải mái|Chất âm Rất hay
tai-nghe-bluetooth-soundpeats-free-2-classic,Tiến Lê,"Sau khi xài gần 1 năm, đây là review: so với AP Pro và AP 3 thì pin xài rất lâu gần 7 tiếng, mỗi tai nghe 7 tiếng, một ngày có thể nghe 14 tiếng liên tục. Có thể chuyển thiết bị rất nhanh (ấn giữ 6s rồi kết nối tới thiết bị khác). Có thể vừa tắm vừa nghe, không sợ vô nước. Đeo sát tai nên chống ồn tốt. Nhỏ gọn bằng 1 đốt ngón út. Chất âm nghe hay, bass ổn.",5,Đánh giá đã đăng vào 2 năm trước,Thời lượng pin Cực khỏe|Cảm giác đeo Rất thoải mái|Chất âm Rất hay
tai-nghe-bluetooth-soundpeats-free-2-classic,Dương Đại Lộc,Ok kdkfm cnkfkfmffkmfmcmcc,5,Đánh giá đã đăng vào 2 năm trước,Thời lượng pin Cực khỏe|Cảm giác đeo Rất thoải mái|Chất âm Rất hay
tai-nghe-bluetooth-soundpeats-free-2-classic,Long,Chất lượng sản phẩm tốt,5,Đánh giá đã đăng vào 2 năm trước,Thời lượng pin Cực khỏe|Cảm giác đeo Rất thoải mái|Chất âm Rất hay
tai-nghe-bluetooth-soundpeats-free-2-classic,Nguyễn Vũ Hoàng Phúc,"Cũng được, build chắc chắn",5,Đánh giá đã đăng vào 2 năm trước,
tai-nghe-bluetooth-soundpeats-free-2-classic,Trần Tọng Giang,"Tai nghe soundtrue pin quá trâu. Khít tai và ko rơi, tuyệt vời",5,Đánh giá đã đăng vào 2 năm trước,
tai-nghe-bluetooth-soundpeats-free-2-classic,Giọt Nắng Bên Thềm,Rất hài lòng,5,Đánh giá đã đăng vào 2 năm trước,
tai-nghe-bluetooth-soundpeats-free-2-classic,LÊ HÙNG,"Tai nghe sài tốt, tôi rất ưng ý. Nhân viên bán hàng vui vẻ có trách nhiệm. Xin cảm ơn các bạn, cảm ơn CellphoneS!",5,Đánh giá đã đăng vào 2 năm trước,
tai-nghe-bluetooth-soundpeats-free-2-classic,Cuong Nguyễn huyf,Hàng chát lượng giao hàng siêu nhanh luôn,5,Đánh giá đã đăng vào 3 năm trước,
tai-nghe-bluetooth-soundpeats-free-2-classic,Vũ,So sánh với Buds+ thì hơi khập khiễng nhưng tai nghe không chống ồn được như feedback đâu. Bật tivi hay có người nói chuyện thì vẫn nghe rõ à. Giá mình mua là 528k.,4,Đánh giá đã đăng vào 3 năm trước,
tai-nghe-bluetooth-soundpeats-free-2-classic,Trần Lê Anh Tuấn,"Xài được 1 thời gian, quá ổn, chống nước tốt, pin siêu trâu, nói chung là rất ổn",5,Đánh giá đã đăng vào 3 năm trước,
tai-nghe-bluetooth-soundpeats-free-2-classic,Trương Quốc Anh Việt,"Chất âm nghe trong, to rõ, đáng tiền...",5,Đánh giá đã đăng vào 3 năm trước,
tai-nghe-bluetooth-soundpeats-free-2-classic,Chềnh Chí Cương,Tốt. Xuất sắc .,5,Đánh giá đã đăng vào 3 năm trước,
tai-nghe-bluetooth-soundpeats-free-2-classic,Khoa,"Vừa mới mua về dùng thử thấy ok chất âm thì cân bằng khá phù hợp để nghe tạp lẫn vận động thể thao,cảm ứng khá nhạy nhưng lúc đầu chưa quen lắm nên hơi lạ và tai nghe có thể đáp ứng nhu cầu chơi game yêu cầu độ trễ thấp tuy không thể bằng tai nghe gaming nhưng cũng ra gì lắm đấy",5,Đánh giá đã đăng vào 3 năm trước,
tai-nghe-bluetooth-soundpeats-free-2-classic,Nguyễn Mạnh Quân,"Các web nước ngoài ghi thông số chống nước của tai nghe này là IPX5. Nhưng thế là đủ cho chống mồ hôi tập thể thao. Tiếc một chút vì thiết kế của nó chưa hẳn nhằm phục vụ dân tập. Mình đeo khi chạy bộ thấy thoải mái, ko phải lo nghĩ bị rơi. Chưa đổi mút tai nên khi chạy bị nghe tiếng bước chân lùng bùng. Cách âm tốt nên dùng chạy bộ cũng hơi mất an toàn. Âm thanh cân bằng, bass treb tốt, đặc biệt bass nền, giọng hát ko được &quot;ngọt&quot; lắm. Nói chung đây là sản phẩm rất rất tốt. Cellphones phân phối với mức giá rất ổn. Thanks.",5,Đánh giá đã đăng vào 3 năm trước,
tai-nghe-bluetooth-soundpeats-free-2-classic,DÂN VÕ,cảm ứng không ok lắm nó kiểu hơi loạn loạn,4,Đánh giá đã đăng vào 3 năm trước,
tai-nghe-bluetooth-soundpeats-free-2-classic,Trần Phương Danh,Săn sale với giá 335k quá tốt cho một tai nghe pin trâu nghe thông dụng. Eartip không thoải mái phải đổi loại khác,5,Đánh giá đã đăng vào 3 năm trước,
tai-nghe-bluetooth-soundpeats-free-2-classic,Nguyen Huy,tai nghe ổn pin trâu vỏ ngoài đẹp nhỏ gọn.,5,Đánh giá đã đăng vào 3 năm trước,
tai-nghe-bluetooth-soundpeats-free-2-classic,Từ Văn Quí,"Tai nghe hoàn thiện tốt. Âm cân bằng, nghe rất hay. Pin trâu.",5,Đánh giá đã đăng vào 3 năm trước,
tai-nghe-bluetooth-soundpeats-free-2-classic,Đoàn Dũng,"Tai nghe tốt, pin trâu, đeo vừa tai, nhưng vẫn hơi lồi ra 1 xíu so với 1 số dòng tai nghe khác nên đội nón bảo hiểm sẽ hơi chạm dây quai nón. Về âm thanh thì không thiên về hướng nào nhiều hết, pin trâu, nghe gần 8 tiếng mới báo sạc. Tiếc 1 điều là cellphoneS không tặng túi đựng tai nghe",5,Đánh giá đã đăng vào 3 năm trước,
tai-nghe-bluetooth-soundpeats-free-2-classic,Đông,"Chà có lời nào để chê bass ổn âm lượng to pin =2 con trâu ,shiper mưa vẫn khoắc áo mưa chạy sang tận nơi rất hài lòng",5,Đánh giá đã đăng vào 3 năm trước,
tai-nghe-bluetooth-soundpeats-free-2-classic,Lê Vỹ Khang,"Tai nghe ok trong tầm giá, giao hàng liên tỉnh mà nhanh ko tưởng",5,Đánh giá đã đăng vào 3 năm trước,
tai-nghe-khong-day-soundpeats-air-5-lite,LONG NGUYỄN HOÀNG,tốt trong tầm giá,5,Đánh giá đã đăng vào 2 tháng trước,Thời lượng pin Cực khỏe|Cảm giác đeo Rất thoải mái|Chất âm Rất hay
tai-nghe-khong-day-soundpeats-air-5-lite,Phạm Ngọc Hải,"Kết nối nhanh, đã test kết nối 2 thiết bị đồng thời nha mọi người. Chất âm ổn trong tầm giá. Soundpeats đúng là lựa chọn hợp lý",5,Đánh giá đã đăng vào 11 tháng trước,Thời lượng pin Cực khỏe|Cảm giác đeo Rất thoải mái|Chất âm Khá hay
tai-nghe-khong-day-soundpeats-air-5-lite,Lại Quốc Bảo,"Đeo thoải mái, nghe nhạc hay",5,Đánh giá đã đăng vào 1 năm trước,Thời lượng pin Cực khỏe|Cảm giác đeo Rất thoải mái|Chất âm Rất hay
tai-nghe-khong-day-soundpeats-capsule-3-pro,Nguyễn Cẩm Long,Nghe rất tốt dùng 1 năm quay lại đánh giá,5,Đánh giá đã đăng vào 1 năm trước,Thời lượng pin Cực khỏe|Cảm giác đeo Rất thoải mái|Chất âm Rất hay
tai-nghe-khong-day-soundpeats-capsule-3-pro,Huỳnh Mai,"Không bật chế độ nhạc này nọ thì xài 5-6 tiếng, còn bật mấy chế độ chống ồn, hay âm thanh chất lượng cao thì 3-4 tiếng là cùng.",5,Đánh giá đã đăng vào 1 năm trước,Thời lượng pin Cực khỏe|Cảm giác đeo Rất thoải mái|Chất âm Rất hay
tai-nghe-khong-day-soundpeats-capsule-3-pro,LÊ VIẾT NHẬT,Shop ơi xác nhận giúp em ạ,5,Đánh giá đã đăng vào 1 năm trước,Thời lượng pin Cực khỏe|Cảm giác đeo Rất thoải mái|Chất âm Rất hay
tai-nghe-khong-day-soundpeats-capsule-3-pro,LÊ VIẾT NHẬT,Em ấn nhầm đặt shop huỷ giúp em được hong ạ,5,Đánh giá đã đăng vào 1 năm trước,Thời lượng pin Cực khỏe|Cảm giác đeo Rất thoải mái|Chất âm Rất hay
tai-nghe-khong-day-soundpeats-capsule-3-pro,Hà văn Tiến,Ok  trong tầm giá,4,Đánh giá đã đăng vào 2 năm trước,Thời lượng pin Vừa đủ dùng|Cảm giác đeo Rất thoải mái|Chất âm Rất hay
tai-nghe-khong-day-soundpeats-capsule-3-pro,khang hi,Đầy pin Nghe được khoảng 5 tiếng thôi với chế độ bình thường,5,Đánh giá đã đăng vào 2 năm trước,Thời lượng pin Vừa đủ dùng|Cảm giác đeo Rất thoải mái|Chất âm Rất hay
tai-nghe-khong-day-soundpeats-capsule-3-pro,Thành Nhân,"Sản phẩm sài ok, bạn nhân viên tư vấn nhiệt tình lắm lần sau nhất định sẽ ghé shop",5,Đánh giá đã đăng vào 2 năm trước,
tai-nghe-khong-day-soundpeats-capsule-3-pro,Văn Nguyễn,Nghe hay tuyêt vời,5,Đánh giá đã đăng vào 2 năm trước,
tai-nghe-khong-day-soundpeats-capsule-3-pro,somsith phonphakdy,tốt,5,Đánh giá đã đăng vào 2 năm trước,
tai-nghe-khong-day-soundpeats-capsule-3-pro,Trường,"Nhân viên ở cửa hàng, nhiệt tình, dễ thương.Nhân viên tư vấn online bên Zalo OA tư vấn khá lâu và lag, mẫu còn nhưng tư vấn hết hàng, phải hỏi lại là đặt hàng được không thì mới báo là lúc nãy cấn phím tư vấn nhầm???",5,Đánh giá đã đăng vào 2 năm trước,
tai-nghe-khong-day-soundpeats-capsule-3-pro,Tú Anh Trần,"Tai nghe chất lượng, nghe đầm và dễ sử dụng.",4,Đánh giá đã đăng vào 3 năm trước,
tai-nghe-khong-day-soundpeats-capsule-3-pro,Võ Quốc Lân,Sản phẩm tuyệt vời,5,Đánh giá đã đăng vào 3 năm trước,
tai-nghe-khong-day-soundpeats-air-5-pro-plus,Khúc Kiệt,"cách âm tốt, nghe hay, chi tiết tốt",5,Đánh giá đã đăng vào 3 ngày trước,
tai-nghe-khong-day-soundpeats-air-5-pro-plus,Võ Xuân Lộc,"sử dung rất ngon âm thanh khá hay ai thích nghe giọng ca sĩ thì cần chỉnh eq 1 chút, còn lại là ngon",5,Đánh giá đã đăng vào 4 tháng trước,
tai-nghe-chup-tai-soundpeats-space,Mai Tuấn Kiệt,"Tai nghe ngon trong phân khúc giá rẻ. Có trang bị các tính năng chống ồn hiện đại, có game mode. Kết nối Bluetooth và có dây cap để kết nối trực tiếp nếu bạn không dùng Bluetooth. Pin trâu, cảm giác đeo êm, chất âm hay.",5,Đánh giá đã đăng vào 1 năm trước,Thời lượng pin Cực khỏe|Cảm giác đeo Rất thoải mái|Chất âm Rất hay
tai-nghe-bluetooth-soundpeats-life,Dương Gia Khánh,Dùng ok 7 tháng khi sạc thì bắt nóng ok vs tầm giá,4,Đánh giá đã đăng vào 1 năm trước,Thời lượng pin Cực khỏe|Cảm giác đeo Rất thoải mái|Chất âm Rất hay
tai-nghe-khong-day-soundpeats-gofree-2-plus,Phan Huy Chương,"Pin khoẻ, âm thanh mộc chất lượng",5,Đánh giá đã đăng vào 1 năm trước,Thời lượng pin Cực khỏe|Cảm giác đeo Rất thoải mái|Chất âm Rất hay
tai-nghe-khong-day-soundpeats-gofree-2-plus,Nguyễn Hải Đường,"Shop nên gởi nhiều mặt hàng về những chi nhánh ở tỉnh, để khách hàng mỗi lần mua phải chờ chuyển hàng từ trung tâm về hơi lâu",5,Đánh giá đã đăng vào 1 năm trước,
tai-nghe-khong-day-soundpeats-gofree-2-plus,Nguyễn Hải Đường,"Shop nên gởi nhiều mặt hàng về những chi nhánh ở tỉnh, để khách hàng mỗi lần mua phải chờ chuyển hàng từ trung tâm về hơi lâu",5,Đánh giá đã đăng vào 1 năm trước,
tai-nghe-khong-day-soundpeats-gofree-2-plus,Nguyễn Hải Đường,"Shop nên gởi nhiều mặt hàng về những chi nhánh ở tỉnh, để khách hàng mỗi lần mua phải chờ chuyển hàng từ trung tâm về hơi lâu",5,Đánh giá đã đăng vào 1 năm trước,
tai-nghe-khong-day-soundpeats-air-5,DUNG Nguyen,"Quá tuyệt thật sự rất tốt,tôi cảm ơn đã cho cảm nhận âm thanh sống động",5,Đánh giá đã đăng vào 1 năm trước,
tai-nghe-khong-day-soundpeats-air-5,Nguyễn Thiên Phú,"Mình thấy sp này tốt lắm, chất lượng âm thanh khá ổn, pin trâu, độ trễ thấp, rất đáng tiền nhaa",5,Đánh giá đã đăng vào 1 năm trước,
tai-nghe-khong-day-soundpeats-air-5,Nguyễn Thiên Phú,"Mình thấy sp này tốt lắm, chất lượng âm thanh khá ổn, pin trâu, độ trễ thấp, rất đáng tiền nhaa",5,Đánh giá đã đăng vào 1 năm trước,
tai-nghe-khong-day-soundpeats-air-5,Nguyễn Thiên Phú,"Mình thấy sp này tốt lắm, chất lượng âm thanh khá ổn, pin trâu, độ trễ thấp, rất đáng tiền nhaa",5,Đánh giá đã đăng vào 1 năm trước,
tai-nghe-khong-day-soundpeats-air-5,Phạm Đức Tuấn,giao nhanh. sản phẩm đúng với quảng cáo,5,Đánh giá đã đăng vào 1 năm trước,
tai-nghe-khong-day-soundpeats-air-5,men Hoang,Tai nghe qua tệ moi xai da hong,5,Đánh giá đã đăng vào 1 năm trước,
tai-nghe-khong-day-soundpeats-air-4,Thanh Vuong,"Tai nghe chất lượng tốt, khá thích. Nhưng có 1 điểm không chấp nhận nổi đó là lúc lấy tai nghe ra khỏi hộp khá là khó khăn.",4,Đánh giá đã đăng vào 1 năm trước,Thời lượng pin Khá tốt|Cảm giác đeo Thoải mái|Chất âm Khá hay
tai-nghe-khong-day-soundpeats-air-4,Mr. Tran,"Mình là fan của Soundpeats, và Soundpeats air 4 ko làm mình thất vọng.",5,Đánh giá đã đăng vào 1 năm trước,Thời lượng pin Cực khỏe|Cảm giác đeo Rất thoải mái|Chất âm Rất hay
tai-nghe-khong-day-soundpeats-air-4,Trí Trần,"Đồ cũ để trong kho tìm hơi lâu, nên quy hoạch khu vực tốt hơn",5,Đánh giá đã đăng vào 1 năm trước,
tai-nghe-khong-day-soundpeats-air-4,Trí Trần,"Đồ cũ để trong kho tìm hơi lâu, nên quy hoạch khu vực tốt hơn",5,Đánh giá đã đăng vào 1 năm trước,
tai-nghe-khong-day-soundpeats-air-4,Dương Cường,"Tai nghe chất lượng rất tốt, thời lượng pin ổn",5,Đánh giá đã đăng vào 1 năm trước,Thời lượng pin Cực khỏe|Cảm giác đeo Rất thoải mái|Chất âm Rất hay
tai-nghe-khong-day-soundpeats-air-4,Viet Do,Quá ổn so với tầm giá.,5,Đánh giá đã đăng vào 2 năm trước,Thời lượng pin Cực khỏe|Cảm giác đeo Rất thoải mái|Chất âm Rất hay
tai-nghe-khong-day-soundpeats-air-4,Nguyễn Trần Thành Đạt,Chất âm khá tốt,5,Đánh giá đã đăng vào 2 năm trước,Thời lượng pin Cực khỏe|Cảm giác đeo Rất thoải mái|Chất âm Rất hay
tai-nghe-khong-day-soundpeats-air-4-lite,Truong,"nhẹ, êm, amazing good job",4,Đánh giá đã đăng vào 1 năm trước,Thời lượng pin Khá tốt|Cảm giác đeo Rất thoải mái|Chất âm Khá hay
tai-nghe-khong-day-soundpeats-gofree-2,Truong Thanh Truc,"Mình tên mua sản phẩm này tại cửa hàng số 57 Phạm Văn Thuận, Biên Hoà, Đồng Nai. Khi mua đem về sử dụng ngày đầu tiên mình đã phát hiện tai nghe bên trái bị lỗi - pin rất mau hết. Ngày hôm sau mình đem ra cửa hàng để bảo hành, nhân viên của cửa hàng giữ máy lại test 1 ngày, sau 1 ngày thì trả lại mình và yêu cầu xài thử thêm 1 tuần nữa để xác định rõ sự cố. Sau 2 ngày mình quay lại, cung cấp hình ảnh về việc pin của tai nghe bên trái bị lỗi và yêu cầu bảo hành. Nhân viên tiếp nhận bảo hành và báo là sẽ phải gởi về hãng để bảo hành, thời gian trả lại sản phẩm là 10 đến 14 ngày. Cho mình hỏi là tại sao cửa hàng không áp dụng chính sách bảo hành 1 đổi 1 như thông báo trên trang web của của hàng vậy? Số điện thoại mua hàng của mình là *****433. Rất mong nhận được phản hồi và hỗ trợ từ CellPhoneS.",4,Đánh giá đã đăng vào 1 năm trước,Thời lượng pin Khá yếu|Cảm giác đeo Rất thoải mái|Chất âm Rất hay
tai-nghe-khong-day-soundpeats-gofree-2,Đinh Huy Hoàng,Khá lỏng lẻo,4,Đánh giá đã đăng vào 1 năm trước,
tai-nghe-khong-day-soundpeats-gofree-2,Đinh Huy Hoàng,Khá lỏng lẻo,4,Đánh giá đã đăng vào 1 năm trước,
tai-nghe-khong-day-soundpeats-gofree-2,Duy Khánh,Tốt,5,Đánh giá đã đăng vào 1 năm trước,
tai-nghe-khong-day-soundpeats-gofree-2,Duy Khánh,Tốt,5,Đánh giá đã đăng vào 1 năm trước,
tai-nghe-khong-day-soundpeats-gofree-2,NGUYỄN CHÍ NAM,"sản phẩm ok, cửa hàng quận 4 hỗ trợ mình bảo hành 1 đổi 1 rất nhanh và dễ dàng",5,Đánh giá đã đăng vào 1 năm trước,
tai-nghe-khong-day-soundpeats-gofree-2,manh linh ha,"sản phẩm tốt, dùng ổn,không nên đeo lâu",5,Đánh giá đã đăng vào 1 năm trước,
tai-nghe-khong-day-soundpeats-gofree-2,Nguyễn chí hảo,Dùng củ sạc bao nhiêu w để sạc vậy,5,Đánh giá đã đăng vào 1 năm trước,
tai-nghe-khong-day-soundpeats-gofree-2,Thinh Vuduc,Sản phẩm chất lượng và giá hợp lý,5,Đánh giá đã đăng vào 1 năm trước,
tai-nghe-khong-day-soundpeats-gofree-2,P GIA HUY,"Tai rất đỉnh, âm thanh ko có gì để chê nma hơi khó dùng cho người đeo kính vì bị vướng",5,Đánh giá đã đăng vào 1 năm trước,
tai-nghe-khong-day-soundpeats-gofree-2,Hoàng Quang Hiếu,Nghe rất hay. Thiết kế quá đẹp. Mỗi tội vòng tai làm mềm mại quá nên lúc chạy hơi rung,5,Đánh giá đã đăng vào 2 năm trước,
tai-nghe-khong-day-soundpeats-capsule-3-pro-transparent,Chinh Le,"Chức năng chống ồn sử dụng khá hiệu quả, pin tương đối tốt, dễ sử dụng. Hình thức đẹp, cấu tạo chắc chắn và khá bền dù đã rơi nhiều lần 😁",5,Đánh giá đã đăng vào 11 tháng trước,Thời lượng pin Cực khỏe|Cảm giác đeo Rất thoải mái|Chất âm Rất hay
tai-nghe-khong-day-soundpeats-capsule-3-pro-transparent,Le van trai,giao nhanh chóng tốt,5,Đánh giá đã đăng vào 1 năm trước,Thời lượng pin Cực khỏe|Cảm giác đeo Rất thoải mái|Chất âm Rất hay
tai-nghe-khong-day-soundpeats-capsule-3-pro-transparent,Trần Anh Tuấn,Sản phẩm cũng gọi là ok trong tầm giá . Mà nay qua mua ko hiểu sao nhân viên lấy đúng giá chứ ko giảm hạng thành viên s-vip .,5,Đánh giá đã đăng vào 1 năm trước,Thời lượng pin Cực khỏe|Cảm giác đeo Rất thoải mái|Chất âm Rất hay
tai-nghe-khong-day-soundpeats-capsule-3-pro-transparent,Vũ Nhân,"Shop hủy giúp em đơn WN*****187 ạ, em cảm ơn shop",5,Đánh giá đã đăng vào 1 năm trước,Thời lượng pin Cực khỏe|Cảm giác đeo Rất thoải mái|Chất âm Rất hay
tai-nghe-khong-day-soundpeats-capsule-3-pro-transparent,phan hoàng huynh,"Tai nghe phù hợp túi tiền, chất lượng âm thanh tốt, hay nhất trong tầm giá",5,Đánh giá đã đăng vào 1 năm trước,Thời lượng pin Cực khỏe|Cảm giác đeo Thoải mái|Chất âm Khá hay
tai-nghe-khong-day-soundpeats-capsule-3-pro-transparent,Nguyễn Văn An Bình,"Khi đeo tai nghe chs các tựa game moblie, fps đều khiến game có hiện tượng giật lag mạnh không ổn định, khá khó chịu về mảng này của tai nghe trong khi có hỗ trợ game mode. Các trải nghiệm còn lại đều tốt",4,Đánh giá đã đăng vào 1 năm trước,Thời lượng pin Khá tốt|Cảm giác đeo Thoải mái|Chất âm Rất hay
tai-nghe-khong-day-soundpeats-capsule-3-pro-transparent,Nguyễn Trung,tốt trong tầm giáa nha,5,Đánh giá đã đăng vào 1 năm trước,Thời lượng pin Cực khỏe|Cảm giác đeo Rất thoải mái|Chất âm Rất hay
tai-nghe-khong-day-soundpeats-capsule-3-pro-transparent,Trí Nguyễn,"Chống ồn khá ổn,xuyên âm tàm tạm,Sài khá ok",5,Đánh giá đã đăng vào 2 năm trước,Thời lượng pin Khá tốt|Cảm giác đeo Thoải mái|Chất âm Khá hay
tai-nghe-chup-tai-soundpeats-a8,Hà Quốc Cường,Sp nghe oke mua cái bao bỏ tai nghe chỗ nào vậy bạn tùng nguyễn,5,Đánh giá đã đăng vào 1 năm trước,Thời lượng pin Cực khỏe|Cảm giác đeo Rất thoải mái|Chất âm Rất hay
tai-nghe-chup-tai-soundpeats-a8,Tùng Nguyễn Quang,Ảnh cho mọi người tham khảo,5,Đánh giá đã đăng vào 2 năm trước,Thời lượng pin Cực khỏe|Cảm giác đeo Rất thoải mái|Chất âm Rất hay
tai-nghe-chup-tai-soundpeats-a8,Tùng Nguyễn Quang,"Âm trầm hơn so với edifier w820, bass ấm, đeo thoải mái, mỗi tội cái app hơi dở tí, 9 điểm",5,Đánh giá đã đăng vào 2 năm trước,Thời lượng pin Cực khỏe|Cảm giác đeo Rất thoải mái|Chất âm Rất hay
