stt,comment,replies_json,reply_count
1,Shoop có iphon 15 promax 256G không ạ,[],0
2,"Shop có hàng ip14prm like new không ạ và giá bao nhiêu
Chào anh Đăng Khoii,
Dạ anh tham khảo
APPLE IPHONE 14 PRO MAX 128GB BẠC CŨ - ĐẸP giá khuyến mãi hiện tại 18.490.000
Sản phẩm thu lại từ khách hàng không còn nhu cầu sử dụng, ngoại hình đẹp như máy mới (Một số sản phẩm có thể đã qua bảo hành hãng hoặc sửa chữa thay thế linh kiện) Có nguồn gốc rõ ràng, xuất hoá đơn eVAT.
Bảo hành 6 tháng tại CellphoneS không loại trừ linh kiện, bảo hành cả nguồn, màn hình. 1 đổi 1 trong 30 ngày nếu có lỗi phần cứng từ nhà sản xuất
dạ hiện tại mình ở khu vực nào em kiểm tra chi nhánh có hàng gần mình ạ","[{""name"": ""Quản Trị Viên"", ""reply"": ""Chào anh Đăng Khoii,\nDạ anh tham khảo\nAPPLE IPHONE 14 PRO MAX 128GB BẠC CŨ - ĐẸP giá khuyến mãi hiện tại 18.490.000\nSản phẩm thu lại từ khách hàng không còn nhu cầu sử dụng, ngoại hình đẹp như máy mới (Một số sản phẩm có thể đã qua bảo hành hãng hoặc sửa chữa thay thế linh kiện) Có nguồn gốc rõ ràng, xuất hoá đơn eVAT.\nBảo hành 6 tháng tại CellphoneS không loại trừ linh kiện, bảo hành cả nguồn, màn hình. 1 đổi 1 trong 30 ngày nếu có lỗi phần cứng từ nhà sản xuất\ndạ hiện tại mình ở khu vực nào em kiểm tra chi nhánh có hàng gần mình ạ""}]",1
3,"có con nào giá 10m đổ về đt mới k ạ
Xin chào Anh Hoàng Hà,
Hiện chưa có sản phẩm phù hợp với tài chính của mình ạ
Mình tham khảo sang mẫu khác tương tự giúp em nhé
https://cellphones.com.vn/iphone-14.html
https://cellphones.com.vn/iphone-16e.html
https://cellphones.com.vn/iphone-13.html
Dạ em gửi link mình tham khảo sản phẩm, mình nhớ chọn khu vực của mình hiện tại của mình để đúng ưu đãi nhé
Ngoài ra CellphoneS có chương trình thu cũ giá ngon và ưu đãi lên đời cực tốt, em gửi mình tham khảo thêm ạ: https://cellphones.com.vn/thu-cu-doi-moi
Không biết hiện tại mình đang ở khu vực nào hay tỉnh thành nào để em kiểm tra cửa hàng gần mình nhất có sẵn sản phẩm ạ.
Xin thông tin đến Anh.","[{""name"": ""Quản Trị Viên"", ""reply"": ""Xin chào Anh Hoàng Hà,\nHiện chưa có sản phẩm phù hợp với tài chính của mình ạ\nMình tham khảo sang mẫu khác tương tự giúp em nhé\nhttps://cellphones.com.vn/iphone-14.html\nhttps://cellphones.com.vn/iphone-16e.html\nhttps://cellphones.com.vn/iphone-13.html\nDạ em gửi link mình tham khảo sản phẩm, mình nhớ chọn khu vực của mình hiện tại của mình để đúng ưu đãi nhé\nNgoài ra CellphoneS có chương trình thu cũ giá ngon và ưu đãi lên đời cực tốt, em gửi mình tham khảo thêm ạ: https://cellphones.com.vn/thu-cu-doi-moi\nKhông biết hiện tại mình đang ở khu vực nào hay tỉnh thành nào để em kiểm tra cửa hàng gần mình nhất có sẵn sản phẩm ạ.\nXin thông tin đến Anh.""}]",1
4,"Giá xs promax cũ
Dạ xin chào anh Quí
Dạ em rất tiếc, hiện CellphoneS chưa có sản phẩm xs promax
em gửi mình tham khảo sản phẩm APPLE IPHONE XS MAX 64GB XÁM CŨ - ĐẸP dạ giá hiện tại 6.090.000 (giá tại Hồ Chí Minh)
Sản phẩm thu lại từ khách hàng không còn nhu cầu (Một số sản phẩm có thể đã qua bảo hành hãng hoặc sửa chữa thay thế linh kiện, hiệu suất pin không bằng hàng mới), nguồn gốc rõ ràng, xuất hoá đơn eVAT ạ
Mình ở khu vực tỉnh thành nào vậy ạ? Em kiểm tra chi nhánh gần nhất và đặt hàng cho mình ạ","[{""name"": ""Quản Trị Viên"", ""reply"": ""Dạ xin chào anh Quí\nDạ em rất tiếc, hiện CellphoneS chưa có sản phẩm xs promax\nem gửi mình tham khảo sản phẩm APPLE IPHONE XS MAX 64GB XÁM CŨ - ĐẸP dạ giá hiện tại 6.090.000 (giá tại Hồ Chí Minh)\nSản phẩm thu lại từ khách hàng không còn nhu cầu (Một số sản phẩm có thể đã qua bảo hành hãng hoặc sửa chữa thay thế linh kiện, hiệu suất pin không bằng hàng mới), nguồn gốc rõ ràng, xuất hoá đơn eVAT ạ\nMình ở khu vực tỉnh thành nào vậy ạ? Em kiểm tra chi nhánh gần nhất và đặt hàng cho mình ạ""}]",1
5,"Có ip 15prm lướt k ạ xin giá 256g
Dạ CellphoneS xin chào anh Hồ Văn Nghĩa ạ!
Dạ Anh đang ở Phường nào để em tìm cửa hàng gần mình nhất ạ . Quan tâm bản màu nào em kiểm tra kỹ cho mình ạ
Mong sớm nhận phản hồi từ Anh ạ","[{""name"": ""Quản Trị Viên"", ""reply"": ""Dạ CellphoneS xin chào anh Hồ Văn Nghĩa ạ!\nDạ Anh đang ở Phường nào để em tìm cửa hàng gần mình nhất ạ . Quan tâm bản màu nào em kiểm tra kỹ cho mình ạ\nMong sớm nhận phản hồi từ Anh ạ""}]",1
